option_type,strike,expiration_date,yearstoexp,bid,ask,volume,open_interest,mid_iv,delta,gamma,theta,vega
put,2.5,2023-12-15,0.011589421613394216,0.0,0.01,0,0,NaN,NaN,NaN,NaN,NaN
call,2.5,2023-12-15,0.010959443176052765,11.2,11.25,0,0,8.578878,1.0000000000000002,1.9916585271973787e-14,0.0,1.999999994801491e-5
put,3.0,2023-12-15,0.010959284627092846,0.0,0.02,0,0,0.0,2.0e-16,1.9916585271973787e-14,0.0,1.999999994801491e-5
call,3.0,2023-12-15,0.010959443176052765,10.65,10.75,0,5,8.662972,1.0000000000000002,1.9916585271973787e-14,0.0,1.999999994801491e-5
put,4.0,2023-12-15,0.010961853120243531,0.0,0.02,0,8,0.0,2.0e-16,1.9916585271973787e-14,0.0,1.9999999982671635e-5
call,4.0,2023-12-15,0.010958935819381024,9.7,9.75,0,12,0.0,1.0000000000000002,1.9916585271973787e-14,0.0,1.9999999982671635e-5
put,5.0,2023-12-15,0.010961853120243531,0.0,0.02,0,34,0.0,2.0e-16,1.9916585271973787e-14,0.0,1.9999999982671635e-5
call,5.0,2023-12-15,0.010958999238964992,8.7,8.8,0,100,5.178177,1.0000000000000002,1.9916585271973787e-14,0.0,1.9999999982671635e-5
put,6.0,2023-12-15,0.011642218417047184,0.0,0.02,0,136,NaN,NaN,NaN,NaN,NaN
call,6.0,2023-12-15,0.010958935819381024,7.7,7.8,0,47,4.311661,1.0000000000000002,1.9916585271973787e-14,0.0,1.999999999133582e-5
put,6.5,2023-12-15,0.010959284627092846,0.0,0.75,0,0,7.938561,2.0e-16,1.9916585271973787e-14,0.0,1.999999999133582e-5
call,6.5,2023-12-15,0.010958935819381024,7.2,7.35,0,0,3.934109,1.0000000000000002,1.9916585271973787e-14,0.0,1.999999999133582e-5
put,7.0,2023-12-15,0.011294583967529173,0.0,0.01,0,12301,NaN,NaN,NaN,NaN,NaN
call,7.0,2023-12-15,0.010958935819381024,6.65,6.95,0,30,3.582113,1.0000000000000002,1.9916585271973787e-14,0.0,1.999999999133582e-5
put,7.5,2023-12-15,0.010959284627092846,0.0,0.39,0,0,5.314946,2.0e-16,1.9916585271973787e-14,0.0,1.999999999133582e-5
call,7.5,2023-12-15,0.01095896752917301,6.2,6.3,0,0,3.252177,1.0000000000000002,1.9916585271973787e-14,0.0,1.999999999133582e-5
put,8.0,2023-12-15,0.01096251902587519,0.0,0.01,3,820,2.27505,2.0e-16,1.9916585271973787e-14,0.0,1.999999999133582e-5
call,8.0,2023-12-15,0.010959030948756976,5.7,5.8,0,22,2.94431,1.0000000000000002,1.9916585271973787e-14,0.0,1.999999999133582e-5
put,8.5,2023-12-15,0.010959284627092846,0.0,0.39,0,0,4.438773,2.0e-16,1.9916585271973787e-14,0.0,1.999999999133582e-5
call,8.5,2023-12-15,0.010958935819381024,5.15,5.3,0,38,2.655757,1.0000000000000002,1.9916585271973787e-14,0.0,1.999999999133582e-5
put,9.0,2023-12-15,0.010964294774226281,0.0,0.01,0,2567,1.823172,2.0e-16,1.9916585271973787e-14,0.0,1.999999997400745e-5
call,9.0,2023-12-15,0.010958935819381024,4.7,4.8,0,27,2.382319,1.0000000000000002,1.9916585271973787e-14,0.0,1.999999997400745e-5
put,9.5,2023-12-15,0.010959030948756976,0.0,0.21,0,13756,2.983471,2.0e-16,1.9916585271973787e-14,0.0,1.999999997400745e-5
call,9.5,2023-12-15,0.010959094368340944,4.2,4.3,0,13737,2.118327,1.0000000000000002,1.9916585271973787e-14,0.0,1.999999997400745e-5
put,10.0,2023-12-15,0.010964294774226281,0.0,0.01,53,26003,1.409291,2.0e-16,1.9916585271973787e-14,0.0,1.9999999978339546e-5
call,10.0,2023-12-15,0.010958935819381024,3.7,3.8,0,570,1.868184,1.0000000000000002,1.9916585271973787e-14,0.0,1.9999999978339546e-5
call,10.5,2023-12-15,0.010958999238964992,3.2,3.3,0,11,1.624259,1.0000000000000002,1.9916585271973787e-14,0.0,1.9999999978339546e-5
put,10.5,2023-12-15,0.010961821410451548,0.0,0.02,0,26,1.357562,2.0e-16,1.9916585271973787e-14,0.0,1.9999999978339546e-5
put,11.0,2023-12-15,0.010964928970065957,0.0,0.01,41,39366,1.029191,2.0e-16,1.9916585271973787e-14,0.0,1.9999999978339546e-5
call,11.0,2023-12-15,0.010959030948756976,2.72,2.76,2,4480,1.164095,1.0000000000000002,1.9916585271973787e-14,0.0,1.9999999978339546e-5
call,11.5,2023-12-15,0.010958935819381024,2.22,2.26,51,588,1.039633,1.0000000000000002,1.9916585271973787e-14,0.0,1.9999999982671635e-5
put,11.5,2023-12-15,0.010959284627092846,0.0,0.02,5,9708,0.953724,2.0e-16,1.9916585271973787e-14,0.0,1.9999999982671635e-5
put,12.0,2023-12-15,0.01099831938102486,0.0,0.01,232,14172,0.669282,-0.0061318508466698,0.025817504189882674,-0.0015301951341662253,0.00026822121632665767
call,12.0,2023-12-15,0.010959030948756976,1.72,1.84,117,5965,0.829574,0.9938681491533302,0.025817504189882674,-0.0015301951341662253,0.00026822121632665767
call,12.5,2023-12-15,0.01095906265854896,1.23,1.27,9,2418,0.581232,0.9628423131223592,0.11576458638781846,-0.007338269636384216,0.0012010513847599902
put,12.5,2023-12-15,0.010958935819381024,0.01,0.02,426,2197,0.530851,-0.0371576868776408,0.11576458638781846,-0.007338269636384216,0.0012010513847599902
call,13.0,2023-12-15,0.010958935819381024,0.76,0.79,681,39150,0.495018,0.8728985697081663,0.3253363233611708,-0.01723585235491955,0.0029083086976598553
put,13.0,2023-12-15,0.010959094368340944,0.04,0.05,3599,18246,0.463735,-0.1271014302918337,0.3253363233611708,-0.01723585235491955,0.0029083086976598553
call,13.5,2023-12-15,0.010958935819381024,0.36,0.38,3239,3591,0.432337,0.6482964000063225,0.6372878251663467,-0.027444717461289857,0.005369469396383969
put,13.5,2023-12-15,0.010959284627092846,0.13,0.14,1790,1767,0.394878,-0.3517035999936775,0.6372878251663467,-0.027444717461289857,0.005369469396383969
put,14.0,2023-12-15,0.010958935819381024,0.38,0.41,154,4353,0.389928,-0.6810163446870235,0.6085773040963333,-0.025940878808815012,0.005001598779349644
call,14.0,2023-12-15,0.010958935819381024,0.12,0.13,3216,6922,0.420152,0.3189836553129765,0.6085773040963333,-0.025940878808815012,0.005001598779349644
put,14.5,2023-12-15,0.010958935819381024,0.79,0.82,21,220,0.395197,-0.8833673945024081,0.3046666012413911,-0.015249794987191182,0.002728065136153428
call,14.5,2023-12-15,0.010959030948756976,0.03,0.04,1350,1742,0.438619,0.11663260549759187,0.3046666012413911,-0.015249794987191182,0.002728065136153428
put,15.0,2023-12-15,0.010959030948756976,1.26,1.3,35,68,0.279221,-0.9638738969412061,0.11394175098643872,-0.006553400816839669,0.0011065126930314359
call,15.0,2023-12-15,0.010959157787924912,0.01,0.02,878,27630,0.510753,0.036126103058793886,0.11394175098643872,-0.006553400816839669,0.0011065126930314359
put,15.5,2023-12-15,0.010958935819381024,1.76,1.79,1,5,0.763156,-0.9917167926985895,0.03124958778511236,-0.0019042887538110293,0.00032111840921573027
call,15.5,2023-12-15,0.010961789700659563,0.0,0.01,174,136,0.617152,0.008283207301410574,0.03124958778511236,-0.0019042887538110293,0.00032111840921573027
put,16.0,2023-12-15,0.01095906265854896,2.25,2.29,3,5,0.912872,-0.9986396650745158,0.0060396919813448,-0.000376474378888848,7.708748147238363e-5
call,16.0,2023-12-15,0.011535927194317605,0.0,0.01,0,6780,NaN,NaN,NaN,NaN,NaN
put,16.5,2023-12-15,0.010958935819381024,2.75,2.79,0,0,1.053576,-0.9998267208644297,0.0008790352233940651,-5.573467495770772e-5,3.048436387976773e-5
call,16.5,2023-12-15,0.011294583967529173,0.0,0.01,0,10,NaN,NaN,NaN,NaN,NaN
put,17.0,2023-12-15,0.010958935819381024,3.25,3.3,0,21,1.308929,-0.9999843324950047,8.97900948610748e-5,-5.719129828329808e-6,2.094684621456184e-5
call,17.0,2023-12-15,0.010959443176052765,0.0,0.01,2,6176,0.982811,1.566750499527297e-5,8.97900948610748e-5,-5.719129828329808e-6,2.094684621456184e-5
call,17.5,2023-12-15,0.011682775240994418,0.0,0.01,0,0,NaN,NaN,NaN,NaN,NaN
put,17.5,2023-12-15,0.010958935819381024,3.75,3.8,0,0,1.443496,-0.9999988688565973,7.170820913027079e-6,-4.623445066488143e-7,2.0094776963200125e-5
put,18.0,2023-12-15,0.010959030948756976,4.25,4.3,0,0,1.570831,-0.9999999321621976,4.675674796558838e-7,-3.0442054567097e-8,2.0006519685986527e-5
call,18.0,2023-12-15,0.010961853120243531,0.0,0.01,0,557,1.196733,6.783780234090342e-8,4.675674796558838e-7,-3.0442054567097e-8,2.0006519685986527e-5
put,19.0,2023-12-15,0.010958935819381024,5.25,5.3,0,0,1.809578,-0.9999999998846569,9.167732350186999e-10,-6.068282553462925e-11,2.000001154994582e-5
call,19.0,2023-12-15,0.010961853120243531,0.0,0.01,0,147,1.394254,1.1534307273734534e-10,9.167732350186999e-10,-6.068282553462925e-11,2.000001154994582e-5
put,20.0,2023-12-15,0.010958935819381024,6.25,6.3,0,0,2.030968,-0.9999999999999413,5.268446784358585e-13,-3.530983009506417e-14,2.0000000004106587e-5
call,20.0,2023-12-15,0.011682806950786403,0.0,0.01,0,170,NaN,NaN,NaN,NaN,NaN
put,21.0,2023-12-15,0.01095931633688483,7.25,7.3,0,0,2.236973,-1.0,1.2813208975266863e-16,-8.676278948323439e-18,2.00000000000017e-5
call,21.0,2023-12-15,0.01096302638254693,0.0,0.01,0,126,1.747608,1.3018558059900097e-17,1.2813208975266863e-16,-8.676278948323439e-18,2.00000000000017e-5
put,22.0,2023-12-15,0.010959221207508878,8.25,8.3,0,0,2.429131,-1.0,5.692826286015252e-21,-3.8856662501081583e-22,2.0e-5
call,22.0,2023-12-15,0.011682806950786403,0.0,0.01,0,135,NaN,NaN,NaN,NaN,NaN
put,22.5,2023-12-15,0.010958935819381024,8.75,8.8,0,0,2.521999,-1.0,1.792501759222964e-23,-1.2278893272444378e-24,2.0e-5
call,22.5,2023-12-15,0.011682806950786403,0.0,0.01,0,0,NaN,NaN,NaN,NaN,NaN
put,23.0,2023-12-15,0.010958935819381024,9.25,9.3,0,0,2.61208,-1.0,2.6739306144495946e-26,-1.8383500447848943e-27,2.0e-5
call,23.0,2023-12-15,0.011682775240994418,0.0,0.01,0,159,NaN,NaN,NaN,NaN,NaN
put,24.0,2023-12-15,0.01096007737189244,10.25,10.3,0,0,2.779939,-1.0,0.0,0.0,2.0e-5
call,24.0,2023-12-15,0.011682806950786403,0.0,0.01,0,102,NaN,NaN,NaN,NaN,NaN
put,25.0,2023-12-15,0.010959443176052765,11.25,11.3,0,0,2.941135,-1.0,0.0,0.0,2.0e-5
call,25.0,2023-12-15,0.010959284627092846,0.0,0.75,0,0,5.396951,0.0,0.0,0.0,2.0e-5
call,26.0,2023-12-15,0.010959284627092846,0.0,0.75,0,0,5.607051,0.0,0.0,0.0,2.0e-5
put,26.0,2023-12-15,0.010958935819381024,12.25,12.3,0,0,3.096112,-1.0,0.0,0.0,2.0e-5
put,27.0,2023-12-15,0.01095931633688483,13.25,13.3,0,0,3.245323,-1.0,0.0,0.0,2.0e-5
call,27.0,2023-12-15,0.010959284627092846,0.0,0.75,0,0,5.797153,0.0,0.0,0.0,2.0e-5
put,28.0,2023-12-15,0.010959538305428717,14.25,14.3,0,0,4.695983,-1.0,0.0,0.0,2.0e-5
call,28.0,2023-12-15,0.010959348046676814,0.0,0.05,0,0,3.337628,0.0,0.0,0.0,2.0e-5
put,29.0,2023-12-15,0.01095982369355657,15.25,15.3,0,0,7.300839,-1.0,0.0,0.0,2.0e-5
call,29.0,2023-12-15,0.011682806950786403,0.0,0.01,0,0,NaN,NaN,NaN,NaN,NaN
put,2.0,2023-12-22,0.03013736681887367,0.0,0.75,0,0,0.0,-3.2e-15,-6.319322426386355e-15,0.0,2.0000000061956325e-5
call,2.0,2023-12-22,0.030136986301369864,11.6,11.85,0,0,5.804861,0.9999999999999968,-6.319322426386355e-15,0.0,2.0000000061956325e-5
call,2.5,2023-12-22,0.030137018011161847,11.15,11.35,0,0,5.112871,0.9999999999999968,-6.319322426386355e-15,0.0,2.0000000061956325e-5
put,2.5,2023-12-22,0.03013736681887367,0.0,0.75,0,0,0.0,-3.2e-15,-6.319322426386355e-15,0.0,2.0000000061956325e-5
put,3.0,2023-12-22,0.03013736681887367,0.0,0.75,0,0,0.0,-8.7207260716e-6,0.00015033945145243876,4.015855361440036e-15,1.999999995343969e-5
call,3.0,2023-12-22,0.030137018011161847,10.7,10.9,0,0,4.561277,0.9999912792739284,0.00015033945145243876,4.015855361440036e-15,1.999999995343969e-5
put,3.5,2023-12-22,0.03013736681887367,0.0,0.75,0,0,0.0,-0.0003555034242326,4.619557211138316e-5,-4.946286318590623e-5,2.092353672708597e-5
call,3.5,2023-12-22,0.030137018011161847,10.1,10.4,0,0,4.102954,0.9996444965757674,4.619557211138316e-5,-4.946286318590623e-5,2.092353672708597e-5
put,4.0,2023-12-22,0.0301373033992897,0.0,0.75,0,0,7.389175,-0.0003852972733551,6.986601386694876e-7,-0.00012140413790840361,2.001684029293917e-5
call,4.0,2023-12-22,0.03013704972095383,9.45,9.85,0,0,3.710932,0.9996147027266449,6.986601386694876e-7,-0.00012140413790840361,2.001684029293917e-5
put,4.5,2023-12-22,0.03013736681887367,0.0,0.75,0,0,6.72943,-0.0003855422117601,1.9921420901791972e-9,-0.0001971260195254217,2.000005297887648e-5
call,4.5,2023-12-22,0.030137081430745814,9.15,9.35,0,0,3.368375,0.9996144577882399,1.9921420901791972e-9,-0.0001971260195254217,2.000005297887648e-5
put,5.0,2023-12-22,0.030142376966007103,0.0,0.02,0,0,2.685048,-0.0003855426555835,2.297808836756344e-10,-0.0002728909511853037,2.0000007419269868e-5
call,5.0,2023-12-22,0.030137081430745814,8.65,8.85,0,0,3.064177,0.9996144573444165,2.297808836756344e-10,-0.0002728909511853037,2.0000007419269868e-5
put,5.5,2023-12-22,0.03013736681887367,0.0,0.75,0,0,5.652993,-0.0003855427203959,-2.833457271518497e-14,-0.0003486559627997564,2.0000000934886054e-5
call,5.5,2023-12-22,0.030137018011161847,8.15,8.35,0,0,2.788689,0.9996144572796041,-2.833457271518497e-14,-0.0003486559627997564,2.0000000934886054e-5
put,6.0,2023-12-22,0.03013736681887367,0.0,0.75,0,0,5.202011,-0.0003855427204014,-1.9634095128942557e-14,-0.00042442099386592804,1.9999999980309345e-5
call,6.0,2023-12-22,0.03013704972095383,7.65,7.95,0,2,2.537209,0.9996144572795986,-1.9634095128942557e-14,-0.00042442099386592804,1.9999999980309345e-5
put,6.5,2023-12-22,0.03013736681887367,0.0,0.75,0,0,4.794452,-0.000385542720397,-1.0355275936608677e-14,-0.0005001860249260355,2.0e-5
call,6.5,2023-12-22,0.030137018011161847,7.15,7.35,0,0,2.306717,0.999614457279603,-1.0355275936608677e-14,-0.0005001860249260355,2.0e-5
put,7.0,2023-12-22,0.03013736681887367,0.0,0.75,0,0,4.413783,-0.0003855427204044,-3.855540932687477e-14,-0.000575951055984135,2.0000000010115164e-5
call,7.0,2023-12-22,0.030137081430745814,6.65,6.85,0,0,2.094041,0.9996144572795956,-3.855540932687477e-14,-0.000575951055984135,2.0000000010115164e-5
put,7.5,2023-12-22,0.03013736681887367,0.0,0.75,0,0,4.063543,-0.0003855427204068,-9.456983938626128e-15,-0.0006517160870442022,1.9999999705515645e-5
call,7.5,2023-12-22,0.030137018011161847,6.15,6.35,0,0,1.896666,0.9996144572795932,-9.456983938626128e-15,-0.0006517160870442022,1.9999999705515645e-5
put,8.0,2023-12-22,0.03013736681887367,0.0,0.75,0,8,3.739294,-0.0003855427204127,-1.9801676914034942e-14,-0.0007274811181104142,1.9999999762767767e-5
call,8.0,2023-12-22,0.030137018011161847,5.65,5.85,0,0,1.712569,0.9996144572795873,-1.9801676914034942e-14,-0.0007274811181104142,1.9999999762767767e-5
put,8.5,2023-12-22,0.030141647640791476,0.0,0.01,0,2,3.437376,-0.0003855427243273,2.8112282319396147e-11,-0.0008032461504634854,2.0000000744002277e-5
call,8.5,2023-12-22,0.03013704972095383,5.15,5.3,0,0,1.537998,0.9996144572756727,2.8112282319396147e-11,-0.0008032461504634854,2.0000000744002277e-5
put,9.0,2023-12-22,0.03013736681887367,0.0,0.75,0,13,3.145309,-0.0003855433428628,4.055676700079104e-9,-0.000879011359629233,2.000009917651408e-5
call,9.0,2023-12-22,0.030137018011161847,4.55,4.8,0,7,1.37239,0.9996144566571372,4.055676700079104e-9,-0.000879011359629233,2.000009917651408e-5
put,9.5,2023-12-22,0.03013736681887367,0.0,0.75,0,239,2.870876,-0.000385589072202,2.718759045798486e-7,-0.0009547878353191395,2.0007151238928207e-5
call,9.5,2023-12-22,0.030137018011161847,4.15,4.3,0,2,1.216034,0.999614410927798,2.718759045798486e-7,-0.0009547878353191395,2.0007151238928207e-5
put,10.0,2023-12-22,0.030140886605783866,0.0,0.02,0,604,0.949053,-0.0006401991396188,0.0007586958889077006,-0.0010864619855259223,4.6366266586620756e-5
call,10.0,2023-12-22,0.03013704972095383,3.65,3.85,0,675,1.067971,0.9993598008603812,0.0007586958889077006,-0.0010864619855259223,4.6366266586620756e-5
put,10.5,2023-12-22,0.030140981735159816,0.0,0.04,15,3034,0.934228,-0.0012710494284464,0.002563589883059752,-0.001272995061788082,9.326768275592536e-5
call,10.5,2023-12-22,0.030137018011161847,3.15,3.35,0,18,0.923982,0.9987289505715536,0.002563589883059752,-0.001272995061788082,9.326768275592536e-5
put,11.0,2023-12-22,0.03014301116184678,0.0,0.01,7,1022,0.623852,-0.0084109801609697,0.01732569473988946,-0.0024821715203199894,0.0005369908067227935
call,11.0,2023-12-22,0.030137144850329783,2.71,2.85,0,695,0.863385,0.9915890198390303,0.01732569473988946,-0.0024821715203199894,0.0005369908067227935
put,11.5,2023-12-22,0.030137018011161847,0.01,0.03,93,2605,0.57209,-0.0220444991928062,0.042764441108517695,-0.004170109701653262,0.0012838357656056413
call,11.5,2023-12-22,0.030137018011161847,2.2,2.34,46,165,0.688123,0.9779555008071938,0.042764441108517695,-0.004170109701653262,0.0012838357656056413
put,12.0,2023-12-22,0.03013781075596144,0.02,0.03,23,3953,0.48333,-0.0534862070951554,0.09356096279648839,-0.007106529395692569,0.0026384037417454265
call,12.0,2023-12-22,0.030137018011161847,1.72,1.84,20,919,0.580561,0.9465137929048446,0.09356096279648839,-0.007106529395692569,0.0026384037417454265
put,12.5,2023-12-22,0.030137176560121767,0.04,0.05,231,345,0.420159,-0.107528137094456,0.1751095736920187,-0.010320118389554815,0.004621884290918811
call,12.5,2023-12-22,0.030137018011161847,1.24,1.34,9,2182,0.456881,0.892471862905544,0.1751095736920187,-0.010320118389554815,0.004621884290918811
put,13.0,2023-12-22,0.03013746194824962,0.1,0.11,165,526,0.378157,-0.2014799746818164,0.30594772979941787,-0.01315418467022857,0.006905225740497744
call,13.0,2023-12-22,0.030137018011161847,0.83,0.87,362,1389,0.397257,0.7985200253181836,0.30594772979941787,-0.01315418467022857,0.006905225740497744
call,13.5,2023-12-22,0.030137018011161847,0.47,0.49,205,638,0.371137,0.6195159763658713,0.4592825111342887,-0.015463928786773225,0.009101879086801587
put,13.5,2023-12-22,0.030137018011161847,0.22,0.24,678,1079,0.356278,-0.3804840236341287,0.4592825111342887,-0.015463928786773225,0.009101879086801587
put,14.0,2023-12-22,0.030137018011161847,0.47,0.5,10,269,0.348815,-0.6148339710530129,0.45688836759332213,-0.01510296670149487,0.009110060547256632
call,14.0,2023-12-22,0.030137018011161847,0.22,0.24,1187,1217,0.364018,0.3851660289469871,0.45688836759332213,-0.01510296670149487,0.009110060547256632
call,14.5,2023-12-22,0.030137176560121767,0.09,0.11,83,561,0.371058,0.2102935704647601,0.3198515568731633,-0.011996596299579427,0.006951825968802495
put,14.5,2023-12-22,0.030137018011161847,0.83,0.91,21,31,0.354162,-0.78970642953524,0.3198515568731633,-0.011996596299579427,0.006951825968802495
call,15.0,2023-12-22,0.030137271689497716,0.04,0.05,1684,2962,0.393781,0.10621983220550485,0.1909577556816878,-0.00799618112420158,0.00412260362143741
put,15.0,2023-12-22,0.030137018011161847,1.23,1.36,0,5,0.366828,-0.8937801677944951,0.1909577556816878,-0.00799618112420158,0.00412260362143741
call,15.5,2023-12-22,0.03013796930492136,0.02,0.03,10,1036,0.434323,0.04851956205262788,0.1006840269036555,-0.0045090891838181655,0.0022763260592363987
put,15.5,2023-12-22,0.030136986301369864,1.76,1.83,5,2,0.7004,-0.9514804379473721,0.1006840269036555,-0.0045090891838181655,0.0022763260592363987
put,16.0,2023-12-22,0.030136986301369864,2.25,2.42,0,0,0.694621,-0.9827619898635713,0.04256401622710864,-0.0018855541381736448,0.001074540209652951
call,16.0,2023-12-22,0.030140886605783866,0.0,0.03,0,16,0.54376,0.017238010136428627,0.04256401622710864,-0.0018855541381736448,0.001074540209652951
call,16.5,2023-12-22,0.03013752536783359,0.0,0.02,0,11,0.582146,0.006018056096228719,0.016666509954205714,-0.000759321964086792,0.00043620209486806686
put,16.5,2023-12-22,0.030137018011161847,2.63,2.82,0,0,0.838156,-0.9939819439037713,0.016666509954205714,-0.000759321964086792,0.00043620209486806686
put,17.0,2023-12-22,0.030137018011161847,3.2,3.4,0,0,0.827488,-0.9983431775036181,0.005201495806185178,-0.00023578464322531956,0.0001586748256795151
call,17.0,2023-12-22,0.03013736681887367,0.0,0.03,0,32,0.70613,0.001656822496381827,0.005201495806185178,-0.00023578464322531956,0.0001586748256795151
call,17.5,2023-12-22,0.03013704972095383,0.0,0.75,0,0,1.988524,5.496894201692214e-5,0.00024698800515977437,-8.499945800110655e-6,2.6177185449766377e-5
put,17.5,2023-12-22,0.030137018011161847,3.65,3.8,0,0,0.910321,-0.999945031057983,0.00024698800515977437,-8.499945800110655e-6,2.6177185449766377e-5
put,18.0,2023-12-22,0.030137018011161847,4.2,4.4,0,0,0.990705,-0.9999494418447608,0.00020656004734053584,-8.734885642197457e-6,2.4067713185753894e-5
call,18.0,2023-12-22,0.03013736681887367,0.0,0.1,0,0,1.090042,5.055815523925463e-5,0.00020656004734053584,-8.734885642197457e-6,2.4067713185753894e-5
call,18.5,2023-12-22,0.030137271689497716,0.0,0.75,0,0,2.206685,9.917839736001073e-7,5.255375737506806e-6,-1.8292405484411218e-7,2.0103934448013383e-5
put,18.5,2023-12-22,0.030137018011161847,4.65,4.85,0,0,1.066783,-0.9999990082160264,5.255375737506806e-6,-1.8292405484411218e-7,2.0103934448013383e-5
put,19.0,2023-12-22,0.030137081430745814,5.1,5.45,0,0,1.139604,-0.9999998937344096,6.039163709577531e-7,-2.1125682132712773e-8,2.0012300096041083e-5
call,19.0,2023-12-22,0.03013736681887367,0.0,0.75,0,0,2.308061,1.0626559039282209e-7,6.039163709577531e-7,-2.1125682132712773e-8,2.0012300096041083e-5
call,19.5,2023-12-22,0.03013736681887367,0.0,0.75,0,0,2.403398,9.803591865245105e-9,5.93749594209854e-8,-2.0867635433642345e-9,2.0001172194288044e-5
put,19.5,2023-12-22,0.030137018011161847,5.7,5.9,0,0,1.210465,-0.9999999901964082,5.93749594209854e-8,-2.0867635433642345e-9,2.0001172194288044e-5
put,20.0,2023-12-22,0.030137081430745814,6.15,6.35,0,0,1.277957,-0.9999999947504695,3.0740695527191846e-8,-1.2004871028161366e-9,2.000066810914858e-5
call,20.0,2023-12-22,0.03013736681887367,0.0,0.1,0,0,1.388892,5.249530433636869e-9,3.0740695527191846e-8,-1.2004871028161366e-9,2.000066810914858e-5
put,20.5,2023-12-22,0.030137018011161847,6.75,6.8,0,0,1.342405,-0.9999999999501087,3.3855828086525807e-10,-1.1997663259948361e-11,2.0000007054191336e-5
call,20.5,2023-12-22,0.03013736681887367,0.0,0.75,0,0,2.586934,4.989135547180085e-11,3.3855828086525807e-10,-1.1997663259948361e-11,2.0000007054191336e-5
put,21.0,2023-12-22,0.030136986301369864,7.15,7.4,0,0,1.405289,-0.9999999999968721,2.2221699329336365e-11,-7.904647229589589e-13,2.000000059316098e-5
call,21.0,2023-12-22,0.03013736681887367,0.0,0.75,0,0,2.669558,3.1278921473982665e-12,2.2221699329336365e-11,-7.904647229589589e-13,2.000000059316098e-5
call,21.5,2023-12-22,0.03013736681887367,0.0,0.75,0,0,2.750373,1.6990445658627513e-13,1.2598231944601208e-12,-4.4970289875300094e-14,2.0000000046121806e-5
put,21.5,2023-12-22,0.030137018011161847,7.6,7.9,0,0,1.466679,-0.9999999999998301,1.2598231944601208e-12,-4.4970289875300094e-14,2.0000000046121806e-5
put,22.0,2023-12-22,0.030137018011161847,8.15,8.4,0,0,1.52663,-0.9999999999999921,6.091429037258737e-14,-2.181463295337812e-15,2.0000000001337524e-5
call,22.0,2023-12-22,0.03013736681887367,0.0,0.75,0,0,2.829453,7.883331952371089e-15,6.091429037258737e-14,-2.181463295337812e-15,2.0000000001337524e-5
call,22.5,2023-12-22,0.0301374936580416,0.0,0.05,0,0,1.503104,2.666463662802065e-15,2.0276798022975888e-14,-7.747871868810358e-16,2.0000000000624306e-5
put,22.5,2023-12-22,0.030137081430745814,8.65,8.9,0,0,1.584753,-0.9999999999999973,2.0276798022975888e-14,-7.747871868810358e-16,2.0000000000624306e-5
call,23.0,2023-12-22,0.03013736681887367,0.0,0.75,0,0,2.982578,8.787756259325284e-18,7.313118688423607e-17,-2.634839108361507e-18,2.0000000000003447e-5
put,23.0,2023-12-22,0.030137018011161847,9.1,9.4,0,0,1.639729,-1.0,7.313118688423607e-17,-2.634839108361507e-18,2.0000000000003447e-5
call,23.5,2023-12-22,0.03013736681887367,0.0,0.75,0,0,3.05169,2.2761457289091356e-19,1.961747357588191e-18,-7.087106896363624e-20,2.000000000000004e-5
put,23.5,2023-12-22,0.030137018011161847,9.7,9.9,0,0,1.693524,-1.0,1.961747357588191e-18,-7.087106896363624e-20,2.000000000000004e-5
put,24.0,2023-12-22,0.030137018011161847,10.15,10.45,0,0,1.746181,-1.0,3.719495471080299e-20,-1.3471423425343403e-21,2.0000000000000005e-5
call,24.0,2023-12-22,0.03013736681887367,0.0,0.75,0,0,3.119467,4.184242303480882e-21,3.719495471080299e-20,-1.3471423425343403e-21,2.0000000000000005e-5
call,24.5,2023-12-22,0.03013736681887367,0.0,0.75,0,0,3.185952,7.703999202530436e-23,7.051350204286717e-22,-2.5602104936244348e-23,2.0e-5
put,24.5,2023-12-22,0.030136986301369864,10.7,10.8,0,0,1.797757,-1.0,7.051350204286717e-22,-2.5602104936244348e-23,2.0e-5
put,25.0,2023-12-22,0.03013704972095383,11.15,11.35,0,0,1.848293,-1.0,6.495155334407284e-24,-2.363835954377113e-25,2.0e-5
call,25.0,2023-12-22,0.03013736681887367,0.0,0.75,0,0,3.251189,6.904217617137703e-25,6.495155334407284e-24,-2.363835954377113e-25,2.0e-5
call,25.5,2023-12-22,0.0301373033992897,0.0,0.75,0,0,3.315227,5.382206563053785e-27,5.206601697076406e-26,-1.8990738204430047e-27,2.0e-5
put,25.5,2023-12-22,0.030137018011161847,11.7,11.95,0,0,1.897798,-1.0,5.206601697076406e-26,-1.8990738204430047e-27,2.0e-5
put,26.0,2023-12-22,0.030137018011161847,12.25,12.3,0,0,1.945224,-1.0,1.8350763461731083e-28,-6.707421295125372e-30,2.0e-5
call,26.0,2023-12-22,0.03013736681887367,0.0,0.75,0,0,3.378109,1.856832021588311e-29,1.8350763461731083e-28,-6.707421295125372e-30,2.0e-5
call,26.5,2023-12-22,0.030137271689497716,0.0,0.75,0,0,3.436183,0.0,0.0,0.0,2.0e-5
put,26.5,2023-12-22,0.030137018011161847,12.65,12.8,0,0,1.990871,-1.0,0.0,0.0,2.0e-5
put,27.0,2023-12-22,0.030137018011161847,13.15,13.3,0,0,2.03568,-1.0,0.0,0.0,2.0e-5
call,27.0,2023-12-22,0.030137271689497716,0.0,0.75,0,0,3.492497,0.0,0.0,0.0,2.0e-5
put,5.0,2023-12-29,0.04931544901065449,0.0,0.75,0,0,4.818639,-8.88864306172e-5,-3.165910409605995e-14,-0.0006885372517356396,2.0000000899548758e-5
call,5.0,2023-12-29,0.04931510020294267,8.65,8.8,0,0,2.31015,0.9999111135693828,-3.165910409605995e-14,-0.0006885372517356396,2.0000000899548758e-5
call,6.0,2023-12-29,0.049315068493150684,7.7,7.8,0,0,1.900418,0.9999111135693806,6.221487989744988e-15,-0.0008399080041206734,2.0000000189823145e-5
put,6.0,2023-12-29,0.04931544901065449,0.0,0.75,0,0,4.071703,-8.88864306194e-5,6.221487989744988e-15,-0.0008399080041206734,2.0000000189823145e-5
put,6.5,2023-12-29,0.04931544901065449,0.0,0.39,0,0,2.983314,-8.88864306234e-5,-1.1681449602027875e-15,-0.0009155933803076061,1.99999997742206e-5
call,6.5,2023-12-29,0.04931510020294267,7.2,7.3,0,0,1.721803,0.9999111135693766,-1.1681449602027875e-15,-0.0009155933803076061,1.99999997742206e-5
put,7.0,2023-12-29,0.04931544901065449,0.0,0.39,0,0,2.741311,-8.88864306461e-5,1.2301253437000145e-13,-0.0009912787565044554,2.000000032264884e-5
call,7.0,2023-12-29,0.04931510020294267,6.7,6.8,0,0,1.557045,0.9999111135693539,1.2301253437000145e-13,-0.0009912787565044554,2.000000032264884e-5
put,7.5,2023-12-29,0.04931544901065449,0.0,0.39,0,0,2.51381,-8.88864349733e-5,2.4216562885645248e-11,-0.0010669641337850816,2.0000000918396996e-5
call,7.5,2023-12-29,0.04931510020294267,6.15,6.3,0,5,1.404151,0.9999111135650267,2.4216562885645248e-11,-0.0010669641337850816,2.0000000918396996e-5
put,8.0,2023-12-29,0.04931544901065449,0.0,0.75,0,0,2.928059,-8.88864928369e-5,3.48118766689107e-10,-0.0011426495227114493,2.0000013660289552e-5
call,8.0,2023-12-29,0.04931516362252664,5.55,5.8,0,4,1.261528,0.9999111135071631,3.48118766689107e-10,-0.0011426495227114493,2.0000013660289552e-5
put,8.5,2023-12-29,0.04931544901065449,0.0,0.39,0,10,2.101223,-8.89050878293e-5,8.755035022144995e-8,-0.0012183385820752721,2.000338756190808e-5
call,8.5,2023-12-29,0.04931519533231862,5.15,5.3,0,2,1.127891,0.9999110949121707,8.755035022144995e-8,-0.0012183385820752721,2.000338756190808e-5
put,9.0,2023-12-29,0.04931544901065449,0.0,0.75,0,6087,2.463583,-8.90311493548e-5,6.771117420594149e-7,-0.001294045478267499,2.0025244831058532e-5
call,9.0,2023-12-29,0.04931510020294267,4.6,4.8,0,1,1.001922,0.9999109688506452,6.771117420594149e-7,-0.001294045478267499,2.0025244831058532e-5
put,9.5,2023-12-29,0.04931544901065449,0.0,0.39,0,334,1.730094,-9.6880343436e-5,3.0817297371585343e-5,-0.0013709276463199265,2.132167389406955e-5
call,9.5,2023-12-29,0.04931510020294267,4.05,4.4,0,0,1.088141,0.999903119656564,3.0817297371585343e-5,-0.0013709276463199265,2.132167389406955e-5
put,10.0,2023-12-29,0.04931544901065449,0.0,0.03,0,749,0.798327,-0.0010060021541958,0.002208017228979931,-0.001569853781132371,0.00010853789020435405
call,10.0,2023-12-29,0.04931510020294267,3.7,3.8,0,9,1.289794,0.9989939978458042,0.002208017228979931,-0.001569853781132371,0.00010853789020435405
call,10.5,2023-12-29,0.04931510020294267,3.2,3.4,0,23,0.834816,0.9955707856066013,0.008982396846227422,-0.0020313358601314144,0.0004005410680628733
put,10.5,2023-12-29,0.049315512430238455,0.0,0.03,0,1287,0.693305,-0.0044292143933987,0.008982396846227422,-0.0020313358601314144,0.0004005410680628733
put,11.0,2023-12-29,0.049315797818366314,0.01,0.02,2,1107,0.521053,-0.0185627252312431,0.03043791417939904,-0.003484371588008388,0.0015680393335628156
call,11.0,2023-12-29,0.04931510020294267,2.7,2.89,0,68,0.631264,0.9814372747687569,0.03043791417939904,-0.003484371588008388,0.0015680393335628156
call,11.5,2023-12-29,0.049315068493150684,2.19,2.34,6,747,0.550927,0.9623570923134823,0.05853732154731115,-0.004870324009989589,0.0027582828407032604
put,11.5,2023-12-29,0.04931516362252664,0.02,0.03,44,947,0.475483,-0.0376429076865177,0.05853732154731115,-0.004870324009989589,0.0027582828407032604
put,12.0,2023-12-29,0.04931516362252664,0.03,0.05,1004,2427,0.421853,-0.0727915911293342,0.1057391720202016,-0.006747923155964421,0.004428381947900574
call,12.0,2023-12-29,0.04931510020294267,1.73,2.02,5,527,0.435343,0.9272084088706658,0.1057391720202016,-0.006747923155964421,0.004428381947900574
call,12.5,2023-12-29,0.04931510020294267,1.31,1.35,0,1391,0.393102,0.8697480503687168,0.17785197366222041,-0.008722999570680142,0.006506154333330342
put,12.5,2023-12-29,0.04931510020294267,0.06,0.08,2,551,0.376062,-0.1302519496312832,0.17785197366222041,-0.008722999570680142,0.006506154333330342
put,13.0,2023-12-29,0.04931510020294267,0.13,0.15,200,657,0.350704,-0.2261174445765387,0.2830191936964732,-0.010481254068494667,0.009378641239038294
call,13.0,2023-12-29,0.04931510020294267,0.89,0.93,84,1688,0.357154,0.7738825554234613,0.2830191936964732,-0.010481254068494667,0.009378641239038294
call,13.5,2023-12-29,0.04931516362252664,0.54,0.57,95,1725,0.341047,0.6117879946356397,0.38562435813682894,-0.011879653089814155,0.011599504235164995
put,13.5,2023-12-29,0.04931510020294267,0.28,0.3,115,369,0.331593,-0.3882120053643603,0.38562435813682894,-0.011879653089814155,0.011599504235164995
put,14.0,2023-12-29,0.04931510020294267,0.52,0.55,17,417,0.327884,-0.5849916886145778,0.3906915842087418,-0.011642716594872104,0.01202632250304353
call,14.0,2023-12-29,0.04931513191273465,0.29,0.3,143,1228,0.329601,0.4150083113854222,0.3906915842087418,-0.011642716594872104,0.01202632250304353
call,14.5,2023-12-29,0.04931510020294267,0.14,0.16,81,426,0.339657,0.25235443922608936,0.30644236118103535,-0.009659146372383744,0.009698365859046513
put,14.5,2023-12-29,0.04931510020294267,0.88,0.92,17,87,0.330114,-0.7476455607739106,0.30644236118103535,-0.009659146372383744,0.009698365859046513
call,15.0,2023-12-29,0.04931525875190259,0.07,0.1,905,2596,0.352952,0.14194335987129628,0.2067918276640791,-0.0069463999682207915,0.006847423032205258
put,15.0,2023-12-29,0.04931510020294267,1.29,1.4,1,100,0.346708,-0.8580566401287038,0.2067918276640791,-0.0069463999682207915,0.006847423032205258
call,15.5,2023-12-29,0.04931554414003044,0.03,0.04,112,69,0.362473,0.07371956813050451,0.12468993700744188,-0.004389697590660772,0.004111886856966039
put,15.5,2023-12-29,0.049315068493150684,1.67,1.82,0,1,0.331358,-0.9262804318694955,0.12468993700744188,-0.004389697590660772,0.004111886856966039
put,16.0,2023-12-29,0.04931510020294267,2.22,2.36,0,1,0.594703,-0.9661316551792228,0.06622408135127032,-0.002367117159265,0.0021034966464669085
call,16.0,2023-12-29,0.04931516362252664,0.02,0.03,210,156,0.404705,0.033868344820777205,0.06622408135127032,-0.002367117159265,0.0021034966464669085
call,16.5,2023-12-29,0.04931525875190259,0.0,0.27,10,47,0.874927,0.009630221109628218,0.023821832974616444,-0.0007597193509304768,0.0007341064934641568
put,16.5,2023-12-29,0.04931510020294267,2.57,2.89,0,0,0.751497,-0.9903697788903718,0.023821832974616444,-0.0007597193509304768,0.0007341064934641568
put,17.0,2023-12-29,0.04931513191273465,2.94,3.35,0,0,0.671377,-0.9957717221586139,0.011059442731724099,-0.00037799130561693583,0.0003489551612315346
call,17.0,2023-12-29,0.049315353881278536,0.0,0.09,0,60,0.696516,0.004228277841386149,0.011059442731724099,-0.00037799130561693583,0.0003489551612315346
call,17.5,2023-12-29,0.05005679223744292,0.0,0.02,0,0,NaN,NaN,NaN,NaN,NaN
put,17.5,2023-12-29,0.04931510020294267,3.7,3.8,0,0,0.739129,-0.99825556460167,0.004825614510054493,-0.00017332746002619636,0.00020773894034647157
put,18.0,2023-12-29,0.04931510020294267,4.25,4.35,0,0,0.802232,-0.9996500975279905,0.0011288157278905437,-3.788141125315909e-5,5.7760498970076014e-5
call,18.0,2023-12-29,0.04931519533231862,0.0,0.15,0,4,0.940667,0.0003499024720095463,0.0011288157278905437,-3.788141125315909e-5,5.7760498970076014e-5
put,19.0,2023-12-29,0.04931510020294267,5.25,5.3,0,0,0.922894,-0.9999870646815133,5.119235664179778e-5,-1.6303460099158588e-6,2.16025116809506e-5
call,19.0,2023-12-29,0.04931544901065449,0.0,0.39,0,0,1.410639,1.2935318486673975e-5,5.119235664179778e-5,-1.6303460099158588e-6,2.16025116809506e-5
put,20.0,2023-12-29,0.04931510020294267,6.15,6.6,0,0,1.032924,-0.999997517207692,9.860744812982957e-6,-3.5831178348765804e-7,2.0394802930626963e-5
call,20.0,2023-12-29,0.04965074835109082,0.0,0.01,0,18,NaN,NaN,NaN,NaN,NaN
put,21.0,2023-12-29,0.04931510020294267,7.2,7.35,0,0,1.137008,-0.9999999939635439,3.136765769784745e-8,-9.61371608596426e-10,2.0001088443622672e-5
call,21.0,2023-12-29,0.04931544901065449,0.0,0.75,0,0,2.082974,6.036456093650939e-9,3.136765769784745e-8,-9.61371608596426e-10,2.0001088443622672e-5
put,22.0,2023-12-29,0.04931510020294267,7.95,8.35,0,0,1.232199,-0.9999999979504688,1.0185776023370826e-8,-3.609359191398757e-10,2.0000481587209196e-5
call,22.0,2023-12-29,0.04931513191273465,0.0,0.05,0,0,1.130351,2.049531219009543e-9,1.0185776023370826e-8,-3.609359191398757e-10,2.0000481587209196e-5
put,25.0,2023-12-29,0.04931510020294267,10.95,11.35,0,0,1.491445,-0.9999999999999999,3.9320259023349557e-16,-1.2210588341264024e-17,2.0000000000018416e-5
call,25.0,2023-12-29,0.049315353881278536,0.0,0.75,0,0,2.538165,5.637193224694288e-17,3.9320259023349557e-16,-1.2210588341264024e-17,2.0000000000018416e-5
put,5.0,2024-01-05,0.06849353120243531,0.0,0.75,0,0,4.091612,-0.0004913770406947,-2.0263922976661614e-14,-0.0004841807421226812,2.0000000478908662e-5
call,5.0,2024-01-05,0.06849353120243531,8.7,8.8,0,0,1.963691,0.9995086229593053,-2.0263922976661614e-14,-0.0004841807421226812,2.0000000478908662e-5
put,6.0,2024-01-05,0.06849353120243531,0.0,0.75,0,0,3.457709,-0.0004913770407002,-1.12536872262197e-14,-0.00063539235225291,1.999999952387414e-5
call,6.0,2024-01-05,0.06849318239472349,7.7,7.85,0,0,1.608074,0.9995086229592998,-1.12536872262197e-14,-0.00063539235225291,1.999999952387414e-5
put,6.5,2024-01-05,0.06849353120243531,0.0,0.75,0,0,3.186748,-0.0004913770407087,2.882563397591773e-14,-0.0007109981573193854,1.9999999663040575e-5
call,6.5,2024-01-05,0.0684931506849315,7.2,7.3,0,0,1.902558,0.9995086229592913,2.882563397591773e-14,-0.0007109981573193854,1.9999999663040575e-5
put,7.0,2024-01-05,0.06849353120243531,0.0,0.75,0,0,2.934282,-0.0004913770419188,6.4106649830423295e-12,-0.0007866039626333289,2.0000000617183427e-5
call,7.0,2024-01-05,0.06849321410451548,6.65,6.85,0,0,1.309995,0.9995086229580812,6.4106649830423295e-12,-0.0007866039626333289,2.0000000617183427e-5
put,7.5,2024-01-05,0.06849353120243531,0.0,0.75,0,0,2.702033,-0.0004913771662609,6.028825270870315e-10,-0.0008622097898721861,2.000003278652352e-5
call,7.5,2024-01-05,0.06849318239472349,6.2,6.3,0,0,1.414767,0.9995086228337391,6.028825270870315e-10,-0.0008622097898721861,2.000003278652352e-5
call,8.0,2024-01-05,0.06849318239472349,5.7,5.85,0,10,1.278619,0.999508596374719,1.0753276578133584e-7,-0.0009378198181693782,2.000540647157101e-5
put,8.0,2024-01-05,0.06849353120243531,0.0,0.39,0,0,1.953983,-0.000491403625281,1.0753276578133584e-7,-0.0009378198181693782,2.000540647157101e-5
put,8.5,2024-01-05,0.06849330923389142,0.0,0.39,0,0,1.784989,-0.0004918969566129,1.9338465497498946e-6,-0.0010134953574857176,2.0082733804688673e-5
call,8.5,2024-01-05,0.0684931506849315,5.15,5.3,0,0,1.14951,0.9995081030433871,1.9338465497498946e-6,-0.0010134953574857176,2.0082733804688673e-5
put,9.0,2024-01-05,0.06849353120243531,0.0,0.39,0,45,1.624501,-0.0004979008101852,2.2209509325015662e-5,-0.0010898497565929239,2.1355132829344893e-5
call,9.0,2024-01-05,0.06849318239472349,4.7,4.9,0,0,1.027288,0.9995020991898148,2.2209509325015662e-5,-0.0010898497565929239,2.1355132829344893e-5
put,9.5,2024-01-05,0.06849353120243531,0.0,0.12,0,91,1.031235,-0.0007466565048098,0.0006470807002781002,-0.0011931206467069599,5.6599331963369884e-5
call,9.5,2024-01-05,0.06849324581430746,4.2,4.4,0,2,0.911982,0.9992533434951902,0.0006470807002781002,-0.0011931206467069599,5.6599331963369884e-5
put,10.0,2024-01-05,0.06849353120243531,0.0,0.04,0,55,0.716559,-0.0033559754122033,0.005480513828983417,-0.0015246113498473873,0.00035375671612684174
call,10.0,2024-01-05,0.06849318239472349,3.65,3.9,0,30,0.802884,0.9966440245877967,0.005480513828983417,-0.0015246113498473873,0.00035375671612684174
call,10.5,2024-01-05,0.0684931506849315,3.2,3.35,0,16,0.696825,0.9910176661117799,0.014684491055400374,-0.002049043798606235,0.0009504611460682654
put,10.5,2024-01-05,0.06849343607305935,0.0,0.04,0,96,0.623502,-0.0089823338882201,0.014684491055400374,-0.002049043798606235,0.0009504611460682654
put,11.0,2024-01-05,0.06849346778285134,0.01,0.04,0,1622,0.476566,-0.028463845787314,0.03917623089788829,-0.003498906309628857,0.0022259396671085985
call,11.0,2024-01-05,0.06849321410451548,2.69,2.99,0,220,0.635965,0.971536154212686,0.03917623089788829,-0.003498906309628857,0.0022259396671085985
call,11.5,2024-01-05,0.06849318239472349,2.28,2.35,0,95,0.533307,0.9481056018303188,0.06834258360586103,-0.004701079097688795,0.00379430158582905
put,11.5,2024-01-05,0.06849334094368341,0.02,0.05,1,4392,0.429536,-0.0518943981696812,0.06834258360586103,-0.004701079097688795,0.00379430158582905
put,12.0,2024-01-05,0.06849343607305935,0.05,0.06,4027,224,0.3898,-0.0865921399581786,0.11144308045117741,-0.005917630854143424,0.005915345790788632
call,12.0,2024-01-05,0.0684931506849315,1.8,1.91,1,116,0.407542,0.9134078600418214,0.11144308045117741,-0.005917630854143424,0.005915345790788632
call,12.5,2024-01-05,0.06849318239472349,1.34,1.48,0,171,0.381116,0.853728642579837,0.17744206954748828,-0.007364481372326202,0.008435464924646328
put,12.5,2024-01-05,0.06849340436326738,0.1,0.11,2,4206,0.365943,-0.146271357420163,0.17744206954748828,-0.007364481372326202,0.008435464924646328
put,13.0,2024-01-05,0.06849334094368341,0.19,0.21,125,627,0.348534,-0.2468345874011217,0.26371010916520404,-0.008905818887597698,0.011716836993498791
call,13.0,2024-01-05,0.06849365804160325,0.96,1.0,8,233,0.360148,0.7531654125988783,0.26371010916520404,-0.008905818887597698,0.011716836993498791
call,13.5,2024-01-05,0.06849318239472349,0.62,0.65,36,414,0.347064,0.6025709097328932,0.32904382442994595,-0.010131962785423223,0.013934905747269717
put,13.5,2024-01-05,0.06849327752409944,0.35,0.37,25,669,0.337739,-0.3974290902671068,0.32904382442994595,-0.010131962785423223,0.013934905747269717
put,14.0,2024-01-05,0.06849318239472349,0.59,0.62,8,100,0.331253,-0.562448723619863,0.3274612902735158,-0.010248584148656724,0.014132523782102037
call,14.0,2024-01-05,0.06849318239472349,0.37,0.4,47,1261,0.340789,0.437551276380137,0.3274612902735158,-0.010248584148656724,0.014132523782102037
call,14.5,2024-01-05,0.06849334094368341,0.2,0.22,175,320,0.33672,0.2973291132875557,0.2761640385104402,-0.009169273673618144,0.012189943904474839
put,14.5,2024-01-05,0.06849330923389142,0.91,0.96,0,26,0.332252,-0.7026708867124443,0.2761640385104402,-0.009169273673618144,0.012189943904474839
put,15.0,2024-01-05,0.06849324581430746,1.29,1.39,0,23,0.334245,-0.8089118214472631,0.21006241765097222,-0.007322964965911652,0.009878410083704612
call,15.0,2024-01-05,0.06849318239472349,0.11,0.13,96,421,0.348853,0.1910881785527368,0.21006241765097222,-0.007322964965911652,0.009878410083704612
put,15.5,2024-01-05,0.06849318239472349,1.71,1.88,1,0,0.346106,-0.8845260155715114,0.14687237653010535,-0.005291533843910749,0.00731031351597766
call,15.5,2024-01-05,0.06849407026889903,0.06,0.08,23,125,0.364372,0.11547398442848852,0.14687237653010535,-0.005291533843910749,0.00731031351597766
call,16.0,2024-01-05,0.06849378488077118,0.03,0.05,166,196,0.376986,0.06571358924323366,0.0949000787326061,-0.003494334476872547,0.004933386989284376
put,16.0,2024-01-05,0.06849318239472349,2.14,2.33,0,50,0.454746,-0.9342864107567663,0.0949000787326061,-0.003494334476872547,0.004933386989284376
put,16.5,2024-01-05,0.06849318239472349,2.72,2.86,0,0,0.480555,-0.9645867533963034,0.057119719578844035,-0.0021415318993370054,0.0030445800921261646
call,16.5,2024-01-05,0.06849346778285134,0.01,0.03,1,107,0.376181,0.0354132466036966,0.057119719578844035,-0.0021415318993370054,0.0030445800921261646
put,17.0,2024-01-05,0.0684931506849315,3.2,3.4,0,0,0.580276,-0.9864047683131516,0.026430790244504346,-0.0009087925401438601,0.00138820738658576
call,17.0,2024-01-05,0.06849318239472349,0.0,0.26,0,20,0.802898,0.013595231686848447,0.026430790244504346,-0.0009087925401438601,0.00138820738658576
put,17.5,2024-01-05,0.06849318239472349,3.65,3.9,0,0,0.638084,-0.9943424531262275,0.012265489996561409,-0.0004169738417748485,0.0005409331909121628
call,17.5,2024-01-05,0.06849330923389142,0.0,0.34,0,56,0.953676,0.005657546873772485,0.012265489996561409,-0.0004169738417748485,0.0005409331909121628
put,18.0,2024-01-05,0.06849318239472349,4.15,4.35,0,0,0.693385,-0.9977240606876064,0.0053952755378734426,-0.00018305904312349993,0.00024549765278551104
call,18.0,2024-01-05,0.06849330923389142,0.0,0.37,0,20,1.05096,0.002275939312393596,0.0053952755378734426,-0.00018305904312349993,0.00024549765278551104
put,19.0,2024-01-05,0.06849318239472349,5.2,5.35,0,0,0.79633,-0.9996877507725076,0.0008603852576579162,-2.924386876438709e-5,6.600198737648948e-5
call,19.0,2024-01-05,0.06849346778285134,0.0,0.39,0,0,1.195673,0.000312249227492365,0.0008603852576579162,-2.924386876438709e-5,6.600198737648948e-5
put,20.0,2024-01-05,0.06849321410451548,6.0,6.4,0,0,0.892176,-0.9999643064136665,0.0001110379663285601,-3.7942435138117348e-6,2.6486537137336075e-5
call,20.0,2024-01-05,0.06849353120243531,0.0,0.38,0,0,1.300102,3.569358633347486e-5,0.0001110379663285601,-3.7942435138117348e-6,2.6486537137336075e-5
call,21.0,2024-01-05,0.06849343607305935,0.0,0.75,0,0,1.766232,2.0508235979394864e-6,7.367160146352992e-6,-2.42027086548578e-7,2.0417203001115173e-5
put,21.0,2024-01-05,0.06849330923389142,7.15,7.5,0,0,0.981095,-0.9999979491764021,7.367160146352992e-6,-2.42027086548578e-7,2.0417203001115173e-5
put,22.0,2024-01-05,0.06849324581430746,8.15,8.4,0,0,1.064975,-0.9999993375460036,2.3465018206026234e-6,-8.630840656433772e-8,2.0112101125713255e-5
call,22.0,2024-01-05,0.06849353120243531,0.0,0.05,0,0,0.958261,6.624539963987307e-7,2.3465018206026234e-6,-8.630840656433772e-8,2.0112101125713255e-5
put,25.0,2024-01-05,0.06849318239472349,11.15,11.35,0,0,1.288182,-0.9999999999812532,9.070691519752383e-11,-3.011813661328494e-12,2.0000005008088364e-5
call,25.0,2024-01-05,0.06849343607305935,0.0,0.75,0,0,2.152693,1.8746820896614175e-11,9.070691519752383e-11,-3.011813661328494e-12,2.0000005008088364e-5
put,2.5,2024-01-12,0.08767151826484018,0.0,0.75,0,0,6.065027,-1.0e-16,-6.312353280398827e-15,-0.00038542646544620075,1.999999884490051e-5
call,2.5,2024-01-12,0.08767170852359209,11.15,11.3,0,0,2.870067,0.9999999999999999,-6.312353280398827e-15,-0.00038542646544620075,1.999999884490051e-5
put,5.0,2024-01-12,0.08767161339421613,0.0,0.75,0,0,3.62081,0.0,4.1866269669932535e-16,-0.000770852930886823,1.9999999024140085e-5
call,5.0,2024-01-12,0.08767126458650432,8.65,8.85,0,0,2.342459,1.0,4.1866269669932535e-16,-0.000770852930886823,1.9999999024140085e-5
put,6.0,2024-01-12,0.08767161339421613,0.0,0.75,0,0,3.060539,-1.08039e-11,4.153594508565422e-11,-0.0009250235191035296,2.0000003709108387e-5
call,6.0,2024-01-12,0.08767126458650432,7.7,7.9,0,0,1.801,0.9999999999891961,4.153594508565422e-11,-0.0009250235191035296,2.0000003709108387e-5
put,6.5,2024-01-12,0.08767161339421613,0.0,0.75,0,0,2.820698,-7.288204e-10,2.5685120036165367e-9,-0.001002108934571468,2.0000232284502497e-5
call,6.5,2024-01-12,0.08767126458650432,7.2,7.4,0,0,1.640311,0.9999999992711796,2.5685120036165367e-9,-0.001002108934571468,2.0000232284502497e-5
put,7.0,2024-01-12,0.08767725773718925,0.0,0.02,0,0,1.089996,-2.214357394e-7,6.152802434278795e-7,-0.0010792284288938235,2.0051139564816635e-5
call,7.0,2024-01-12,0.0876712962962963,6.7,6.85,0,0,1.328338,0.9999997785642606,6.152802434278795e-7,-0.0010792284288938235,2.0051139564816635e-5
put,7.5,2024-01-12,0.08767158168442415,0.0,0.75,0,0,2.392419,-4.276954655e-7,1.2658339032082325e-6,-0.001156338918936648,2.0085134191179634e-5
call,7.5,2024-01-12,0.0876712962962963,6.2,6.35,0,0,1.200784,0.9999995723045345,1.2658339032082325e-6,-0.001156338918936648,2.0085134191179634e-5
put,8.0,2024-01-12,0.08767161339421613,0.0,0.75,0,0,2.202504,-4.8702421989e-6,1.3173842165740494e-5,-0.0012339744628253135,2.1014647283329575e-5
call,8.0,2024-01-12,0.08767132800608828,5.7,5.85,0,0,1.080684,0.9999951297578011,1.3173842165740494e-5,-0.0012339744628253135,2.1014647283329575e-5
put,8.5,2024-01-12,0.08767161339421613,0.0,0.75,0,0,2.0249,-3.85704650758e-5,9.499772680093587e-5,-0.0013147738755340736,2.8532545932969e-5
call,8.5,2024-01-12,0.08767126458650432,5.2,5.4,0,0,0.967899,0.9999614295349242,9.499772680093587e-5,-0.0013147738755340736,2.8532545932969e-5
put,9.0,2024-01-12,0.08767126458650432,0.0,0.03,0,0,0.769155,-0.0006818547051014,0.0012780538857660336,-0.0014564387284569456,0.00012786734815518314
call,9.0,2024-01-12,0.08767126458650432,4.65,4.85,0,0,0.861859,0.9993181452948986,0.0012780538857660336,-0.0014564387284569456,0.00012786734815518314
put,9.5,2024-01-12,0.08767142313546424,0.0,0.75,0,2,1.693374,-0.0010119585664642,0.002036583160201542,-0.001553883706735386,0.00016850681936947788
call,9.5,2024-01-12,0.08767132800608828,4.2,4.4,0,0,0.761826,0.9989880414335358,0.002036583160201542,-0.001553883706735386,0.00016850681936947788
put,10.0,2024-01-12,0.08767158168442415,0.01,0.18,0,96,0.707192,-0.0066465588922034,0.010296794635911306,-0.0020660677880628845,0.0008125412051601913
call,10.0,2024-01-12,0.08767135971588026,3.7,3.9,0,0,0.666792,0.9933534411077966,0.010296794635911306,-0.0020660677880628845,0.0008125412051601913
call,10.5,2024-01-12,0.08767126458650432,3.25,3.4,0,0,0.678421,0.9881847641479924,0.018397841960953953,-0.002420415213261644,0.0013017454717004237
put,10.5,2024-01-12,0.08767126458650432,0.0,0.45,0,19,1.110253,-0.0118152358520076,0.018397841960953953,-0.002420415213261644,0.0013017454717004237
put,11.0,2024-01-12,0.08767132800608828,0.03,0.05,0,757,0.473856,-0.0400308087708688,0.04746872703400072,-0.004109615716298205,0.0035207675655035643
call,11.0,2024-01-12,0.08767126458650432,2.77,2.94,0,1,0.582722,0.9599691912291312,0.04746872703400072,-0.004109615716298205,0.0035207675655035643
put,11.5,2024-01-12,0.087671898782344,0.05,0.07,0,124,0.435765,-0.0739184357992447,0.07881828675908518,-0.0055718320704427485,0.005685226745082087
call,11.5,2024-01-12,0.08767126458650432,2.3,2.4,0,121,0.444187,0.9260815642007553,0.07881828675908518,-0.0055718320704427485,0.005685226745082087
put,12.0,2024-01-12,0.08767139142567225,0.09,0.12,1,45,0.416707,-0.1242500156313895,0.11911271171401612,-0.007187012420470843,0.008392398217977392
call,12.0,2024-01-12,0.08767126458650432,1.8,1.92,4,155,0.435291,0.8757499843686105,0.11911271171401612,-0.007187012420470843,0.008392398217977392
put,12.5,2024-01-12,0.08767126458650432,0.16,0.18,12,169,0.391214,-0.1939903982747372,0.16670702720983502,-0.00868312407023267,0.01131030781354297
call,12.5,2024-01-12,0.08767126458650432,1.41,1.54,4,149,0.402227,0.8060096017252628,0.16670702720983502,-0.00868312407023267,0.01131030781354297
put,13.0,2024-01-12,0.08767215246067986,0.27,0.3,13,160,0.379287,-0.2868684246972446,0.21744970296205382,-0.009799182035980271,0.013947113762172482
call,13.0,2024-01-12,0.08767126458650432,1.06,1.1,17,214,0.388398,0.7131315753027554,0.21744970296205382,-0.009799182035980271,0.013947113762172482
put,13.5,2024-01-12,0.08767139142567225,0.44,0.48,93,27,0.367342,-0.404784396727193,0.2599481779108763,-0.010269184919110188,0.01575112433489825
call,13.5,2024-01-12,0.08767126458650432,0.74,0.78,126,845,0.374969,0.595215603272807,0.2599481779108763,-0.010269184919110188,0.01575112433489825
put,14.0,2024-01-12,0.08767126458650432,0.68,0.72,1,66,0.359087,-0.5392588638336572,0.2749827850757956,-0.009926098828444044,0.01597363166685571
call,14.0,2024-01-12,0.08767151826484018,0.49,0.51,197,140,0.367006,0.4607411361663428,0.2749827850757956,-0.009926098828444044,0.01597363166685571
call,14.5,2024-01-12,0.08767139142567225,0.31,0.33,44,134,0.362341,0.33238140900819846,0.2520722180954968,-0.008836073271192672,0.014661595693023454
put,14.5,2024-01-12,0.08767126458650432,0.97,1.06,2,0,0.355641,-0.6676185909918015,0.2520722180954968,-0.008836073271192672,0.014661595693023454
put,15.0,2024-01-12,0.08767126458650432,1.35,1.45,0,1,0.3565,-0.7698753402054223,0.2059854117749234,-0.007426430688659081,0.012271395606180326
call,15.0,2024-01-12,0.08767139142567225,0.19,0.21,36,217,0.372796,0.2301246597945778,0.2059854117749234,-0.007426430688659081,0.012271395606180326
call,15.5,2024-01-12,0.08767142313546424,0.11,0.14,1,71,0.375215,0.15714393716743244,0.15733523539396346,-0.006013291410648983,0.009353051638457458
put,15.5,2024-01-12,0.08767126458650432,1.78,1.91,0,1,0.363952,-0.8428560628325675,0.15733523539396346,-0.006013291410648983,0.009353051638457458
put,16.0,2024-01-12,0.08767126458650432,2.2,2.33,0,0,0.509275,-0.8924079486994038,0.11626004950054554,-0.004761847582804045,0.0074684056500232965
call,16.0,2024-01-12,0.08767151826484018,0.06,0.09,26,79,0.384802,0.1075920513005962,0.11626004950054554,-0.004761847582804045,0.0074684056500232965
call,16.5,2024-01-12,0.08767142313546424,0.04,0.06,8,1,0.400735,0.07272683875507677,0.08396618376989382,-0.0036481831234432324,0.00571990136094901
put,16.5,2024-01-12,0.0876712962962963,2.71,2.88,0,0,0.475738,-0.9272731612449232,0.08396618376989382,-0.0036481831234432324,0.00571990136094901
put,17.0,2024-01-12,0.08767132800608828,3.2,3.5,0,0,0.530914,-0.9501291107978719,0.0603179797201223,-0.0027939445163112585,0.004198824132427017
call,17.0,2024-01-12,0.08767208904109589,0.02,0.04,0,120,0.405043,0.04987088920212815,0.0603179797201223,-0.0027939445163112585,0.004198824132427017
call,17.5,2024-01-12,0.08767151826484018,0.01,0.04,0,1,0.427543,0.032249109430903665,0.04154204998477887,-0.0019850202819700524,0.0029632836909478633
put,17.5,2024-01-12,0.0876712962962963,3.65,3.95,0,0,0.583407,-0.9677508905690964,0.04154204998477887,-0.0019850202819700524,0.0029632836909478633
call,18.0,2024-01-12,0.08786196727549467,0.0,0.03,0,1,NaN,NaN,NaN,NaN,NaN
put,18.0,2024-01-12,0.08767126458650432,4.15,4.4,0,0,0.633103,-0.9826886861556603,0.02496873510050569,-0.0011540479084246036,0.0016247304579072276
put,19.0,2024-01-12,0.08767132800608828,5.2,5.35,0,0,0.726415,-0.9985743049168423,0.003105907141156616,-0.00010683408114895805,0.00022193467626412098
call,19.0,2024-01-12,0.08767132800608828,0.0,0.73,0,0,1.329681,0.00142569508315774,0.003105907141156616,-0.00010683408114895805,0.00022193467626412098
put,20.0,2024-01-12,0.0876712962962963,5.95,6.35,0,0,0.812749,-0.9997363266572613,0.0006480132762035441,-2.232107790655783e-5,5.8285100364177705e-5
call,20.0,2024-01-12,0.08767132800608828,0.0,0.75,0,0,1.456026,0.00026367334273865237,0.0006480132762035441,-2.232107790655783e-5,5.8285100364177705e-5
put,21.0,2024-01-12,0.08767126458650432,6.9,7.3,0,0,0.893545,-0.9999573424641971,0.00011613317309440191,-4.01467482262571e-6,2.835834484377406e-5
call,21.0,2024-01-12,0.08767142313546424,0.0,0.75,0,0,1.5574,4.265753580293626e-5,0.00011613317309440191,-4.01467482262571e-6,2.835834484377406e-5
put,22.0,2024-01-12,0.08767132800608828,8.05,8.35,0,0,0.968617,-0.999974791123859,6.560906600117574e-5,-2.6273043336450674e-6,2.3614627510027418e-5
call,22.0,2024-01-12,0.08767161339421613,0.0,0.05,0,0,0.844537,2.5208876141035823e-5,6.560906600117574e-5,-2.6273043336450674e-6,2.3614627510027418e-5
put,25.0,2024-01-12,0.0876712962962963,11.2,11.4,0,0,1.170203,-0.999999989414433,3.862052110316956e-8,-1.352717918992971e-9,2.000260355077023e-5
call,25.0,2024-01-12,0.08767151826484018,0.0,0.75,0,0,1.899434,1.0585566925358124e-8,3.862052110316956e-8,-1.352717918992971e-9,2.000260355077023e-5
put,1.0,2024-01-19,0.10685118594622019,0.0,0.02,0,233,0.0,-1.0e-16,-7.326552534796523e-15,-0.000155773962591221,2.0000000775008487e-5
call,1.0,2024-01-19,0.10684934677828513,12.5,12.85,0,95,4.186475,0.9999999999999999,-7.326552534796523e-15,-0.000155773962591221,2.0000000775008487e-5
put,2.0,2024-01-19,0.10685692541856925,0.0,0.01,0,3277,2.452566,0.0,-3.3688168512749964e-15,-0.0003115479251813091,2.0000000775008487e-5
call,2.0,2024-01-19,0.10684960045662101,11.6,11.8,0,49,2.947447,1.0,-3.3688168512749964e-15,-0.0003115479251813091,2.0000000775008487e-5
put,3.0,2024-01-19,0.10685892313546423,0.0,0.01,0,81864,1.938774,0.0,4.371610055382644e-15,-0.0004673218877725529,2.00000007420294e-5
call,3.0,2024-01-19,0.10684960045662101,10.65,10.8,0,136,2.263654,1.0,4.371610055382644e-15,-0.0004673218877725529,2.00000007420294e-5
put,4.0,2024-01-19,0.1068494101978691,0.0,0.02,0,514,1.729489,-2.41e-14,1.0726662836376848e-13,-0.0006230958503706626,2.0000000659581695e-5
call,4.0,2024-01-19,0.10684937848807712,9.65,9.85,0,24,1.792636,0.9999999999999759,1.0726662836376848e-13,-0.0006230958503706626,2.0000000659581695e-5
put,5.0,2024-01-19,0.10757331303906646,0.0,0.01,0,104103,NaN,NaN,NaN,NaN,NaN
call,5.0,2024-01-19,0.10684934677828513,8.65,8.85,0,421,1.427621,0.9999999992068704,2.0363175048141927e-9,-0.0007788699625111519,2.0000229270595803e-5
put,6.0,2024-01-19,0.10758796296296297,0.0,0.02,0,1124,NaN,NaN,NaN,NaN,NaN
call,6.0,2024-01-19,0.10684934677828513,7.7,7.85,0,29,1.613002,0.99999957745022,9.034146841951098e-7,-0.0009347098274627205,2.0085534323919618e-5
put,7.0,2024-01-19,0.10684969558599695,0.0,0.05,0,5774,1.146566,-1.99603629844e-5,3.721762423096473e-5,-0.0010929862326592705,2.3843000040183662e-5
call,7.0,2024-01-19,0.10684934677828513,6.65,6.9,0,56,1.174728,0.9999800396370156,3.721762423096473e-5,-0.0010929862326592705,2.3843000040183662e-5
put,8.0,2024-01-19,0.10685023465246068,0.01,0.02,5,47817,0.773566,-0.0006322537467076,0.0009291850445183129,-0.001313418076181279,0.00013246846766167442
call,8.0,2024-01-19,0.10684934677828513,5.7,5.9,1,2102,0.94952,0.9993677462532924,0.0009291850445183129,-0.001313418076181279,0.00013246846766167442
put,9.0,2024-01-19,0.10684950532724505,0.02,0.03,5,23003,0.675766,-0.004843624453158,0.006038915227608387,-0.0018191061339914586,0.0006722196519919398
call,9.0,2024-01-19,0.10684947361745308,4.7,4.85,0,144,0.752107,0.995156375546842,0.006038915227608387,-0.0018191061339914586,0.0006722196519919398
call,10.0,2024-01-19,0.10684934677828513,3.75,3.85,5,4545,0.686833,0.9777237787838307,0.023328283114708366,-0.0030854819333658258,0.0025896742180724886
put,10.0,2024-01-19,0.10684956874682902,0.03,0.04,609,151594,0.563104,-0.0222762212161693,0.023328283114708366,-0.0030854819333658258,0.0025896742180724886
put,11.0,2024-01-19,0.10684953703703703,0.05,0.06,149,43278,0.463273,-0.0684553048484223,0.060321638304535206,-0.0053238676640062306,0.0061197092073903125
call,11.0,2024-01-19,0.10684934677828513,2.81,2.92,65,6099,0.474146,0.9315446951515777,0.060321638304535206,-0.0053238676640062306,0.0061197092073903125
put,12.0,2024-01-19,0.10684934677828513,0.13,0.14,207,36550,0.412232,-0.1516946214395116,0.11857818750593481,-0.00758994097471162,0.010242839739113507
call,12.0,2024-01-19,0.10684934677828513,1.89,1.96,231,5188,0.419113,0.8483053785604884,0.11857818750593481,-0.00758994097471162,0.010242839739113507
put,13.0,2024-01-19,0.10684934677828513,0.33,0.34,209,82042,0.382232,-0.2970092795934678,0.20159713285004535,-0.009059305359383936,0.01536946270124489
call,13.0,2024-01-19,0.10684934677828513,1.13,1.16,511,32148,0.387769,0.7029907204065322,0.20159713285004535,-0.009059305359383936,0.01536946270124489
put,14.0,2024-01-19,0.10684934677828513,0.75,0.77,251,18247,0.363183,-0.5307069826822318,0.26058297465850583,-0.008769333419107829,0.01798257821047997
call,14.0,2024-01-19,0.10684934677828513,0.56,0.58,1157,41441,0.370456,0.4692930173177682,0.26058297465850583,-0.008769333419107829,0.01798257821047997
put,15.0,2024-01-19,0.10684934677828513,1.43,1.47,3,20487,0.367066,-0.7543559242763125,0.20356527127201499,-0.006727293068321755,0.013591668560400238
call,15.0,2024-01-19,0.10684934677828513,0.25,0.26,648,57758,0.373284,0.24564407572368757,0.20356527127201499,-0.006727293068321755,0.013591668560400238
put,16.0,2024-01-19,0.1068494101978691,2.26,2.41,0,3822,0.431809,-0.8727585787580902,0.12238010749093488,-0.004765605392788829,0.00941630879699944
call,16.0,2024-01-19,0.10684934677828513,0.11,0.12,246,7948,0.39172,0.12724142124190982,0.12238010749093488,-0.004765605392788829,0.00941630879699944
put,17.0,2024-01-19,0.10684934677828513,3.25,3.5,0,228,0.491752,-0.932432559310634,0.07055272400176786,-0.0032011932146776287,0.005505771818215099
call,17.0,2024-01-19,0.10684975900558093,0.05,0.06,469,17316,0.415156,0.06756744068936606,0.07055272400176786,-0.0032011932146776287,0.005505771818215099
call,18.0,2024-01-19,0.10684934677828513,0.03,0.04,41,5902,0.458071,0.035651292386118846,0.03982495979176441,-0.002018770610708807,0.003328043012537708
put,18.0,2024-01-19,0.10684934677828513,4.2,4.4,0,0,0.586043,-0.9643487076138811,0.03982495979176441,-0.002018770610708807,0.003328043012537708
put,19.0,2024-01-19,0.10684934677828513,5.15,5.4,0,1,0.672413,-0.9815952735519888,0.021884645788948318,-0.0012055455780404984,0.002286423029509629
call,19.0,2024-01-19,0.10685013952308473,0.01,0.02,0,3549,0.46191,0.018404726448011142,0.021884645788948318,-0.0012055455780404984,0.002286423029509629
put,20.0,2024-01-19,0.10684934677828513,6.25,6.35,0,26,0.751225,-0.9922259055439678,0.010266470406973063,-0.0005705223984889682,0.00092966074556711
call,20.0,2024-01-19,0.10684956874682902,0.01,0.02,122,15400,0.523519,0.007774094456032152,0.010266470406973063,-0.0005705223984889682,0.00092966074556711
put,21.0,2024-01-19,0.10684934677828513,6.95,7.3,0,0,0.825729,-0.9987074186424243,0.0022124372954973803,-0.00010357794598632852,0.0001882345719026189
call,21.0,2024-01-19,0.10684969558599695,0.0,0.07,0,1424,0.746296,0.0012925813575757339,0.0022124372954973803,-0.00010357794598632852,0.0001882345719026189
put,22.0,2024-01-19,0.10684931506849316,8.2,8.4,0,30,0.895249,-0.999104376186843,0.0014744770613404415,-7.912545023522451e-5,0.00014437007809315152
call,22.0,2024-01-19,0.10685289827498731,0.0,0.02,0,14243,0.662559,0.0008956238131569605,0.0014744770613404415,-7.912545023522451e-5,0.00014437007809315152
call,23.0,2024-01-19,0.10718499492643328,0.0,0.01,0,1382,NaN,NaN,NaN,NaN,NaN
put,23.0,2024-01-19,0.10684934677828513,9.25,9.4,0,0,0.96046,-0.999584560096179,0.0007058126873367435,-3.9743245157318656e-5,8.410891025800388e-5
put,24.0,2024-01-19,0.10684937848807712,10.2,10.35,0,0,1.02277,-0.9998550217908284,0.00026306485002836505,-1.4870612043655398e-5,4.1297878411343895e-5
call,24.0,2024-01-19,0.10738942795535261,0.0,0.01,0,1016,NaN,NaN,NaN,NaN,NaN
put,25.0,2024-01-19,0.10684934677828513,11.25,11.4,0,1,1.081604,-0.9999498997351964,9.619039085728691e-5,-5.455212095273382e-6,2.980555374857466e-5
call,25.0,2024-01-19,0.10685048833079655,0.0,0.01,0,19424,0.743438,5.010026480362007e-5,9.619039085728691e-5,-5.455212095273382e-6,2.980555374857466e-5
put,26.0,2024-01-19,0.10684934677828513,12.2,12.4,0,0,1.136893,-0.9999839991282327,3.251181776021836e-5,-1.8486109771622963e-6,2.2817924718898434e-5
call,26.0,2024-01-19,0.10732302765093861,0.0,0.01,0,90,NaN,NaN,NaN,NaN,NaN
put,27.0,2024-01-19,0.10684934677828513,13.2,13.35,0,0,1.190096,-0.9999948350607485,1.1015194110183478e-5,-6.278403839885025e-7,2.1152835936279247e-5
call,27.0,2024-01-19,0.10685331050228311,0.0,0.01,0,1995,0.823842,5.1649392515613e-6,1.1015194110183478e-5,-6.278403839885025e-7,2.1152835936279247e-5
put,28.0,2024-01-19,0.10684934677828513,14.25,14.3,0,0,1.241329,-0.9999989533502027,2.4144705937968965e-6,-1.329121248025531e-7,2.0264494881530813e-5
call,28.0,2024-01-19,0.1075892630644343,0.0,0.02,0,57,NaN,NaN,NaN,NaN,NaN
put,29.0,2024-01-19,0.10684944190766109,14.35,16.05,0,0,1.290765,-0.999999699746901,7.230195440638291e-7,-3.9901938466589345e-8,2.0094900173537904e-5
call,29.0,2024-01-19,0.10757331303906646,0.0,0.02,0,0,NaN,NaN,NaN,NaN,NaN
put,30.0,2024-01-19,0.10684934677828513,15.65,16.8,0,0,1.338488,-0.9999998488179604,3.6528297943835565e-7,-2.094187837831483e-8,2.0032036342449135e-5
call,30.0,2024-01-19,0.10718499492643328,0.0,0.01,0,5771,NaN,NaN,NaN,NaN,NaN
put,32.0,2024-01-19,0.10684934677828513,17.85,18.75,0,0,1.96387,-0.9999999982356093,5.063406955719393e-9,-2.6200400984901514e-10,2.0000499254170583e-5
call,32.0,2024-01-19,0.10684985413495687,0.0,0.01,0,3625,0.9989,1.7643907427953317e-9,5.063406955719393e-9,-2.6200400984901514e-10,2.0000499254170583e-5
put,35.0,2024-01-19,0.1068494101978691,20.65,21.35,0,0,1.549545,-0.999999999741595,7.355989164446899e-10,-4.227322464186965e-11,2.000006204060245e-5
call,35.0,2024-01-19,0.10685442034500253,0.0,0.01,0,7588,1.087675,2.584049525068935e-10,7.355989164446899e-10,-4.227322464186965e-11,2.000006204060245e-5
put,40.0,2024-01-19,0.10684991755454085,26.1,26.6,0,0,2.65629,-0.9999999999999991,3.2555434824996965e-15,-1.5774270548936873e-16,2.0000000000592254e-5
call,40.0,2024-01-19,0.10685470573313038,0.0,0.01,0,6195,1.219835,8.588486867901373e-16,3.2555434824996965e-15,-1.5774270548936873e-16,2.0000000000592254e-5
put,2.5,2024-01-26,0.1260334221207509,0.0,0.02,0,0,2.185256,-1.0e-16,-6.991435091419778e-15,-0.0004984616914598787,2.0000000907753133e-5
call,2.5,2024-01-26,0.12602742897006597,11.15,11.35,0,0,2.280174,0.9999999999999999,-6.991435091419778e-15,-0.0004984616914598787,2.0000000907753133e-5
put,5.0,2024-01-26,0.12603250253678336,0.0,0.02,0,0,1.322213,-1.679594502e-7,3.1199338160596574e-7,-0.0009969504503086301,2.0049364644090744e-5
call,5.0,2024-01-26,0.12602749238964991,8.6,9.0,0,0,1.544704,0.9999998320405498,3.1199338160596574e-7,-0.0009969504503086301,2.0049364644090744e-5
put,6.0,2024-01-26,0.1260310438863521,0.0,0.75,0,0,2.56309,-3.512599245e-7,7.590832018831324e-7,-0.0011963543567966918,2.008500616482389e-5
call,6.0,2024-01-26,0.12602742897006597,7.75,7.9,0,0,1.2484,0.9999996487400755,7.590832018831324e-7,-0.0011963543567966918,2.008500616482389e-5
call,7.0,2024-01-26,0.12602746067985793,6.65,7.05,0,0,1.000209,0.9999814021262909,3.479570966317373e-5,-0.0013977122481489514,2.3873827761071452e-5
put,7.0,2024-01-26,0.12602787290715373,0.0,0.75,0,0,2.176197,-1.85978737091e-5,3.479570966317373e-5,-0.0013977122481489514,2.3873827761071452e-5
put,8.0,2024-01-26,0.1260310438863521,0.0,0.75,0,0,1.846971,-0.0003532608022783,0.0005675059781788481,-0.0016265118530471045,7.953162280718944e-5
call,8.0,2024-01-26,0.12602742897006597,5.75,6.0,0,0,1.232369,0.9996467391977217,0.0005675059781788481,-0.0016265118530471045,7.953162280718944e-5
put,8.5,2024-01-26,0.12602761922881786,0.0,0.75,0,0,1.698254,-0.0011500787678466,0.0017067836217757625,-0.0017869557632584992,0.00023744192127254192
call,8.5,2024-01-26,0.12602749238964991,5.2,5.75,0,0,1.041213,0.9988499212321534,0.0017067836217757625,-0.0017869557632584992,0.00023744192127254192
put,9.0,2024-01-26,0.12602742897006597,0.01,0.75,0,0,1.051509,-0.0048836498473337,0.006032056319254499,-0.002149112791458507,0.0006971815269820596
call,9.0,2024-01-26,0.12602749238964991,4.75,5.0,0,0,0.853919,0.9951163501526663,0.006032056319254499,-0.002149112791458507,0.0006971815269820596
put,9.5,2024-01-26,0.12602765093860985,0.0,0.75,0,0,1.422318,-0.0078298101579061,0.009815241631988613,-0.0023950949743891847,0.001139030557393174
call,9.5,2024-01-26,0.12602787290715373,4.25,4.45,0,0,0.663093,0.9921701898420939,0.009815241631988613,-0.0023950949743891847,0.001139030557393174
put,10.0,2024-01-26,0.12602761922881786,0.01,0.07,0,1,0.515065,-0.0373354391443865,0.031061369192977223,-0.004245993720908309,0.003932215555203597
call,10.0,2024-01-26,0.12602742897006597,3.75,4.0,0,0,0.667138,0.9626645608556135,0.031061369192977223,-0.004245993720908309,0.003932215555203597
call,10.5,2024-01-26,0.12602742897006597,3.25,3.45,0,0,0.403472,0.9465034678775103,0.04407516833491372,-0.004906770275832329,0.005507680546585996
put,10.5,2024-01-26,0.12602768264840183,0.06,0.08,0,0,0.527616,-0.0534965321224897,0.04407516833491372,-0.004906770275832329,0.005507680546585996
put,11.0,2024-01-26,0.1260279363267377,0.09,0.1,0,1,0.491928,-0.0819120750569463,0.063228993248275,-0.0059521455242441115,0.007441877838439816
call,11.0,2024-01-26,0.12602742897006597,2.84,2.96,0,0,0.590797,0.9180879249430537,0.063228993248275,-0.0059521455242441115,0.007441877838439816
call,11.5,2024-01-26,0.12602742897006597,2.34,2.54,5,50,0.458794,0.8824146769642902,0.08644045961555193,-0.006909542403004469,0.009641712827581065
put,11.5,2024-01-26,0.12602749238964991,0.13,0.15,10,520,0.468468,-0.1175853230357098,0.08644045961555193,-0.006909542403004469,0.009641712827581065
put,12.0,2024-01-26,0.12602742897006597,0.19,0.22,95,3,0.44485,-0.1679133295173605,0.11420372425354534,-0.007981868646026052,0.012022821540240994
call,12.0,2024-01-26,0.12602746067985793,1.96,2.14,25,75,0.419136,0.8320866704826395,0.11420372425354534,-0.007981868646026052,0.012022821540240994
call,12.5,2024-01-26,0.1260275558092339,1.59,1.7,3,62,0.415533,0.770872788727573,0.1457553458214136,-0.0087571243150628,0.015276547300720129
put,12.5,2024-01-26,0.1260280948756976,0.29,0.31,12,0,0.42747,-0.229127211272427,0.1457553458214136,-0.0087571243150628,0.015276547300720129
put,13.0,2024-01-26,0.12602780948756975,0.42,0.46,12,4,0.417519,-0.3085768283663264,0.17680003640712685,-0.009365724433402322,0.017267326935328974
call,13.0,2024-01-26,0.12602739726027398,1.23,1.31,66,107,0.406048,0.6914231716336736,0.17680003640712685,-0.009365724433402322,0.017267326935328974
call,13.5,2024-01-26,0.12602742897006597,0.93,0.97,99,99,0.397084,0.5970092469258633,0.2018791790286909,-0.009618435253175276,0.01878586160809997
put,13.5,2024-01-26,0.12602742897006597,0.61,0.64,30,55,0.408318,-0.4029907530741367,0.2018791790286909,-0.009618435253175276,0.01878586160809997
put,14.0,2024-01-26,0.1260275558092339,0.85,0.88,40,91,0.398662,-0.5069012707418232,0.21354430342650754,-0.009376086312400311,0.019469284072889857
call,14.0,2024-01-26,0.12602758751902587,0.68,0.71,112,54,0.390402,0.4930987292581768,0.21354430342650754,-0.009376086312400311,0.019469284072889857
call,14.5,2024-01-26,0.1260279363267377,0.48,0.51,14,44,0.387061,0.38950963257415155,0.20834342294743777,-0.008686069815824258,0.018455021685462626
put,14.5,2024-01-26,0.12602742897006597,1.15,1.24,0,0,0.383369,-0.6104903674258485,0.20834342294743777,-0.008686069815824258,0.018455021685462626
put,15.0,2024-01-26,0.12602742897006597,1.49,1.55,0,0,0.42004,-0.7028243929468022,0.18768668159327553,-0.0077001593903722665,0.017122202800081927
call,15.0,2024-01-26,0.12602857052257738,0.33,0.36,27,41,0.388343,0.2971756070531978,0.18768668159327553,-0.0077001593903722665,0.017122202800081927
call,15.5,2024-01-26,0.12602803145611366,0.22,0.25,0,144,0.391501,0.22246053616680286,0.15907471495403108,-0.006627462019565925,0.013916955038891964
put,15.5,2024-01-26,0.12602742897006597,1.85,2.01,0,0,0.486271,-0.7775394638331972,0.15907471495403108,-0.006627462019565925,0.013916955038891964
put,16.0,2024-01-26,0.12602742897006597,2.28,2.43,0,0,0.434832,-0.8338949671333105,0.12969927657076138,-0.005611398537013447,0.01161247890451176
call,16.0,2024-01-26,0.12602803145611366,0.15,0.18,19,5,0.398733,0.1661050328666895,0.12969927657076138,-0.005611398537013447,0.01161247890451176
call,16.5,2024-01-26,0.12602746067985793,0.1,0.13,1,2,0.405,0.12490423481518595,0.10372920361195391,-0.0047297874379155225,0.010566495028091184
put,16.5,2024-01-26,0.12602749238964991,2.68,2.93,0,0,0.461441,-0.875095765184814,0.10372920361195391,-0.0047297874379155225,0.010566495028091184
put,17.0,2024-01-26,0.12602742897006597,3.25,3.35,0,0,0.618947,-0.9056979576437441,0.08218231616035772,-0.003943817680196192,0.008260658873214446
call,17.0,2024-01-26,0.12602742897006597,0.07,0.09,0,1,0.411978,0.09430204235625596,0.08218231616035772,-0.003943817680196192,0.008260658873214446
put,17.5,2024-01-26,0.12602749238964991,3.65,3.9,0,0,0.523627,-0.9290749720271192,0.06456454548044654,-0.0032488443383724397,0.006194407271880531
call,17.5,2024-01-26,0.12602787290715373,0.05,0.07,18,9,0.425212,0.07092502797288079,0.06456454548044654,-0.0032488443383724397,0.006194407271880531
put,18.0,2024-01-26,0.1260275240994419,4.15,4.55,0,0,0.56738,-0.9459687728343162,0.05078657703919376,-0.002678018454784919,0.0053249451079331826
call,18.0,2024-01-26,0.12602761922881786,0.03,0.06,0,1,0.435558,0.054031227165683815,0.05078657703919376,-0.002678018454784919,0.0053249451079331826
put,18.5,2024-01-26,0.12602742897006597,4.65,4.9,0,0,0.609717,-0.9592688282367116,0.03959754920239826,-0.0021748667926035506,0.004540141171692602
call,18.5,2024-01-26,0.12602787290715373,0.02,0.05,100,0,0.447399,0.040731171763288394,0.03959754920239826,-0.0021748667926035506,0.004540141171692602
put,19.0,2024-01-26,0.1260275558092339,5.15,5.4,0,0,0.649906,-0.9704516785043884,0.030052262152076365,-0.0016823973034239147,0.0031378880476824467
call,19.0,2024-01-26,0.12602787290715373,0.02,0.04,0,0,0.469659,0.029548321495611544,0.030052262152076365,-0.0016823973034239147,0.0031378880476824467
call,20.0,2024-01-26,0.12602768264840183,0.0,0.13,0,0,0.709558,0.007779581582109069,0.010351231439875852,-0.0004867723949860033,0.001061600174578916
put,20.0,2024-01-26,0.12602749238964991,6.15,6.35,0,0,0.725883,-0.9922204184178909,0.010351231439875852,-0.0004867723949860033,0.001061600174578916
put,21.0,2024-01-26,0.1260275558092339,7.15,7.4,0,0,0.79675,-0.9987207445570896,0.0022083126315890333,-8.727000609411684e-5,0.00021629102317058675
call,21.0,2024-01-26,0.12602777777777777,0.0,0.74,0,0,1.284909,0.0012792554429103913,0.0022083126315890333,-8.727000609411684e-5,0.00021629102317058675
put,22.0,2024-01-26,0.12602742897006597,8.2,8.4,0,0,0.862827,-0.9996164662220492,0.0007239195537627959,-2.8615540565466707e-5,9.478392396033532e-5
call,22.0,2024-01-26,0.12602777777777777,0.0,0.75,0,0,1.37062,0.0003835337779507496,0.0007239195537627959,-2.8615540565466707e-5,9.478392396033532e-5
put,25.0,2024-01-26,0.12602742897006597,11.15,11.4,0,0,1.041558,-0.9999918368408451,1.8875504162464114e-5,-7.499056461374672e-7,2.2104105028044926e-5
call,25.0,2024-01-26,0.12602758751902587,0.0,0.75,0,0,1.577752,8.163159154825437e-6,1.8875504162464114e-5,-7.499056461374672e-7,2.2104105028044926e-5
put,3.0,2024-02-16,0.18377340182648402,0.0,0.02,0,1470,NaN,NaN,NaN,NaN,NaN
call,3.0,2024-02-16,0.1835617389649924,10.7,10.9,0,44,1.622318,0.9999999921390083,1.1651578851156426e-8,-0.0004427257149618292,2.0002794946054586e-5
put,5.0,2024-02-16,0.18356208777270422,0.0,0.03,0,175,1.16412,-8.02107055946e-5,8.310689817470036e-5,-0.0007470451798604216,4.052487109252292e-5
call,5.0,2024-02-16,0.1835617389649924,8.7,8.9,0,13,1.265618,0.9999197892944054,8.310689817470036e-5,-0.0007470451798604216,4.052487109252292e-5
put,6.0,2024-02-16,0.18356205606291223,0.0,0.03,0,122,0.900922,-0.0013404655478473,0.0008346043218455626,-0.0008989242736214279,0.0001924507736211751
call,6.0,2024-02-16,0.18356167554540842,7.7,7.85,0,22,1.038554,0.9986595344521527,0.0008346043218455626,-0.0008989242736214279,0.0001924507736211751
put,7.0,2024-02-16,0.1835622780314561,0.01,0.03,0,1026,0.747287,-0.0055578907281894,0.0038723239018236756,-0.0013774616434105895,0.0009759849867518377
call,7.0,2024-02-16,0.18356167554540842,6.75,7.15,0,4,0.974672,0.9944421092718106,0.0038723239018236756,-0.0013774616434105895,0.0009759849867518377
put,8.0,2024-02-16,0.18356196093353627,0.02,0.05,1,8193,0.674247,-0.0155775713055052,0.010385691111772606,-0.0021436718160551195,0.002480745142946221
call,8.0,2024-02-16,0.18356167554540842,5.75,5.9,0,77,0.786722,0.9844224286944948,0.010385691111772606,-0.0021436718160551195,0.002480745142946221
put,9.0,2024-02-16,0.18356196093353627,0.04,0.07,0,7762,0.597702,-0.0356713075347154,0.022265979101186745,-0.0032433921449497847,0.004558079691599473
call,9.0,2024-02-16,0.18356167554540842,4.75,5.05,0,61,0.572531,0.9643286924652846,0.022265979101186745,-0.0032433921449497847,0.004558079691599473
put,10.0,2024-02-16,0.18356208777270422,0.07,0.09,10,37713,0.515107,-0.0705989474439723,0.04112827764634598,-0.004602196662538335,0.007588784103405433
call,10.0,2024-02-16,0.18356192922374429,3.8,3.95,13,430,0.452748,0.9294010525560277,0.04112827764634598,-0.004602196662538335,0.007588784103405433
put,11.0,2024-02-16,0.18356167554540842,0.14,0.17,100,49172,0.469074,-0.1185937162815115,0.0680623182022699,-0.005685481816810023,0.011472475881088809
call,11.0,2024-02-16,0.18356167554540842,2.94,3.05,0,2591,0.47703,0.8814062837184885,0.0680623182022699,-0.005685481816810023,0.011472475881088809
put,12.0,2024-02-16,0.1835618658041603,0.28,0.3,103,44933,0.42601,-0.1939602680363167,0.10864454749618761,-0.0065860281475702675,0.015821526188442646
call,12.0,2024-02-16,0.1835617072552004,2.12,2.17,10,1510,0.434668,0.8060397319636833,0.10864454749618761,-0.0065860281475702675,0.015821526188442646
put,13.0,2024-02-16,0.18356167554540842,0.54,0.56,74,25180,0.398044,-0.3198697904779986,0.1599160150985884,-0.007251637341756991,0.020871237837360005
call,13.0,2024-02-16,0.18356167554540842,1.38,1.42,118,12690,0.40242,0.6801302095220014,0.1599160150985884,-0.007251637341756991,0.020871237837360005
put,14.0,2024-02-16,0.18356167554540842,0.97,0.99,15,7294,0.382951,-0.4958453012102176,0.18804507423262024,-0.007322406712505005,0.023431550433756804
call,14.0,2024-02-16,0.18356167554540842,0.83,0.85,1086,4697,0.386313,0.5041546987897824,0.18804507423262024,-0.007322406712505005,0.023431550433756804
put,15.0,2024-02-16,0.18356167554540842,1.58,1.63,0,8934,0.373925,-0.6648095433395262,0.16954159954262202,-0.006533204977320277,0.02175120481395953
call,15.0,2024-02-16,0.18356167554540842,0.46,0.48,259,16361,0.377894,0.3351904566604738,0.16954159954262202,-0.006533204977320277,0.02175120481395953
put,16.0,2024-02-16,0.18356177067478438,2.34,2.42,0,1238,0.374442,-0.7895002931343829,0.12980074118603846,-0.0052137533224672844,0.017101396239894873
call,16.0,2024-02-16,0.18356167554540842,0.24,0.26,58,7522,0.380395,0.21049970686561714,0.12980074118603846,-0.0052137533224672844,0.017101396239894873
put,17.0,2024-02-16,0.18356196093353627,3.25,3.35,0,0,0.363572,-0.8731388775403043,0.09073779608850428,-0.0038129097119152977,0.012971394489830207
call,17.0,2024-02-16,0.18356167554540842,0.12,0.14,4,6204,0.384975,0.1268611224596957,0.09073779608850428,-0.0038129097119152977,0.012971394489830207
put,18.0,2024-02-16,0.1835617072552004,4.25,4.35,0,0,0.484022,-0.9252400310979136,0.05983864332314807,-0.00262597422285947,0.008933076852300843
call,18.0,2024-02-16,0.18356196093353627,0.07,0.09,5,6156,0.406034,0.07475996890208639,0.05983864332314807,-0.00262597422285947,0.008933076852300843
put,19.0,2024-02-16,0.18356167554540842,5.2,5.35,0,1,0.554087,-0.9557688971139735,0.03841581520070795,-0.0017712382907874307,0.005599104199595856
call,19.0,2024-02-16,0.18356164383561643,0.04,0.06,0,3110,0.424393,0.04423110288602655,0.03841581520070795,-0.0017712382907874307,0.005599104199595856
call,20.0,2024-02-16,0.18356167554540842,0.03,0.05,0,1585,0.460087,0.02418239814572024,0.023064336120139597,-0.0010799188544885117,0.003194474687295819
put,20.0,2024-02-16,0.18356167554540842,6.25,6.4,0,0,0.618614,-0.9758176018542798,0.023064336120139597,-0.0010799188544885117,0.003194474687295819
put,21.0,2024-02-16,0.18356167554540842,6.95,7.35,0,0,0.679028,-0.9841277080296809,0.015433783012551517,-0.0007858026515860589,0.002094225929873845
call,21.0,2024-02-16,0.1835621194824962,0.02,0.03,168,404,0.451869,0.015872291970319193,0.015433783012551517,-0.0007858026515860589,0.002094225929873845
put,22.0,2024-02-16,0.18356167554540842,8.2,8.4,0,0,0.721845,-0.9962909371987134,0.004711838123351679,-0.00019588431379719977,0.000677690394356613
call,22.0,2024-02-16,0.18356202435312025,0.0,0.18,0,264,0.747746,0.003709062801286532,0.004711838123351679,-0.00019588431379719977,0.000677690394356613
put,23.0,2024-02-16,0.1835617389649924,9.2,9.35,0,0,0.774203,-0.996866209269153,0.0037779360086319146,-0.00017975909907181283,0.000613032838031591
call,23.0,2024-02-16,0.18356256341958396,0.0,0.03,0,322,0.573949,0.003133790730846929,0.0037779360086319146,-0.00017975909907181283,0.000613032838031591
put,24.0,2024-02-16,0.1835617072552004,10.2,10.4,0,0,0.824209,-0.9992687846034308,0.0010620624753690606,-4.453095158658578e-5,0.00014702847985859907
call,24.0,2024-02-16,0.18356202435312025,0.0,0.17,0,174,0.834808,0.0007312153965691766,0.0010620624753690606,-4.453095158658578e-5,0.00014702847985859907
put,25.0,2024-02-16,0.18356167554540842,10.95,11.95,0,0,0.871331,-0.999598443459305,0.0005961880965400808,-2.6026231035328856e-5,0.00011271237579484835
call,25.0,2024-02-16,0.18356202435312025,0.0,0.1,0,113,0.79082,0.00040155654069495443,0.0005961880965400808,-2.6026231035328856e-5,0.00011271237579484835
put,30.0,2024-02-16,0.18356167554540842,15.6,17.0,0,1,1.077249,-0.9999961956309511,7.268422151668871e-6,-3.110891737783175e-7,2.1040670752616683e-5
call,30.0,2024-02-16,0.18356202435312025,0.0,0.15,0,835,1.044636,3.8043690488688507e-6,7.268422151668871e-6,-3.110891737783175e-7,2.1040670752616683e-5
put,35.0,2024-02-16,0.18356167554540842,20.6,21.85,0,0,1.246315,-0.9999998604534581,2.8545384847171137e-7,-1.3493751334375843e-8,2.0048900378844722e-5
call,35.0,2024-02-16,0.18356202435312025,0.0,0.05,0,60,1.005011,1.3954654184834757e-7,2.8545384847171137e-7,-1.3493751334375843e-8,2.0048900378844722e-5
put,3.0,2024-03-15,0.26027435312024355,0.0,0.03,0,251,1.445778,-6.187869521e-7,6.805850996268483e-7,-0.00044749221378046443,2.02447395825914e-5
call,3.0,2024-03-15,0.2602740677321157,10.7,10.9,1,90,1.604658,0.9999993812130479,6.805850996268483e-7,-0.00044749221378046443,2.02447395825914e-5
put,5.0,2024-03-15,0.26027435312024355,0.0,0.15,0,11,1.323267,-0.0001912586131093,0.00017534439453267646,-0.0007612515482456781,6.816859487117194e-5
call,5.0,2024-03-15,0.2602740043125317,8.75,8.85,10,108,1.15736,0.9998087413868907,0.00017534439453267646,-0.0007612515482456781,6.816859487117194e-5
put,6.0,2024-03-15,0.26027435312024355,0.0,0.06,0,67,0.91897,-0.0022766617087882,0.001657524121521176,-0.0010530633400959385,0.0004936860255908335
call,6.0,2024-03-15,0.26027409944190766,7.75,7.9,2,37,0.931612,0.9977233382912118,0.001657524121521176,-0.0010530633400959385,0.0004936860255908335
put,7.0,2024-03-15,0.2602741945712836,0.02,0.15,0,2170,0.930597,-0.0058363098100472,0.0041993122059834544,-0.001380249306359815,0.0011166247051603336
call,7.0,2024-03-15,0.2602740043125317,6.8,6.95,2,59,0.849866,0.9941636901899528,0.0041993122059834544,-0.001380249306359815,0.0011166247051603336
put,8.0,2024-03-15,0.2602742262810756,0.05,0.08,0,9543,0.643308,-0.0237820681198889,0.013580586577613808,-0.002370971434811187,0.004190079326990995
call,8.0,2024-03-15,0.2602739726027397,5.85,5.95,0,38,0.682934,0.9762179318801111,0.013580586577613808,-0.002370971434811187,0.004190079326990995
put,9.0,2024-03-15,0.2602742262810756,0.08,0.1,1,7109,0.564018,-0.0484918461563096,0.025699376403478472,-0.0033315855806846386,0.0072671136499999015
call,9.0,2024-03-15,0.26027416286149163,4.9,5.0,0,6,0.574019,0.9515081538436904,0.025699376403478472,-0.0033315855806846386,0.0072671136499999015
put,10.0,2024-03-15,0.2602740360223237,0.13,0.15,20,32230,0.502902,-0.0851101085275153,0.0428914024390283,-0.004310045201086701,0.011409160458525271
call,10.0,2024-03-15,0.2602740043125317,3.95,4.05,4,706,0.508651,0.9148898914724847,0.0428914024390283,-0.004310045201086701,0.011409160458525271
call,11.0,2024-03-15,0.2602740043125317,3.05,3.15,0,2476,0.456689,0.8624285704525345,0.06678928325915587,-0.005184984484406069,0.014908306382050686
put,11.0,2024-03-15,0.26027409944190766,0.22,0.24,109,62401,0.453324,-0.1375714295474655,0.06678928325915587,-0.005184984484406069,0.014908306382050686
put,12.0,2024-03-15,0.26027416286149163,0.38,0.4,841,17352,0.414596,-0.2145104278012379,0.09913292673212334,-0.005868364956959715,0.020047813508228516
call,12.0,2024-03-15,0.2602740043125317,2.27,2.33,37,863,0.421274,0.7854895721987621,0.09913292673212334,-0.005868364956959715,0.020047813508228516
put,13.0,2024-03-15,0.2602740043125317,0.66,0.68,7,4209,0.388524,-0.3289971902703515,0.135576657280525,-0.006294375899098366,0.025490063432862843
call,13.0,2024-03-15,0.26027425799086756,1.57,1.6,19,9039,0.396156,0.6710028097296485,0.135576657280525,-0.006294375899098366,0.025490063432862843
put,14.0,2024-03-15,0.2602740043125317,1.1,1.12,10,486,0.373324,-0.4774025372616876,0.15769766249547332,-0.006278719822047413,0.027772524183648194
call,14.0,2024-03-15,0.2602741311516997,1.02,1.04,64,3008,0.378951,0.5225974627383124,0.15769766249547332,-0.006278719822047413,0.027772524183648194
put,15.0,2024-03-15,0.2602742897006596,1.7,1.74,20,222,0.367519,-0.625801507540397,0.15106077182662703,-0.005721229165213662,0.02707898333344121
call,15.0,2024-03-15,0.2602740360223237,0.62,0.64,320,16701,0.370785,0.37419849245960307,0.15106077182662703,-0.005721229165213662,0.02707898333344121
put,16.0,2024-03-15,0.2602740360223237,2.43,2.51,0,7,0.36367,-0.7444987892170968,0.12555910912045642,-0.004811713694082498,0.0221519088702944
call,16.0,2024-03-15,0.2602740043125317,0.36,0.38,153,1365,0.370912,0.25550121078290317,0.12555910912045642,-0.004811713694082498,0.0221519088702944
put,17.0,2024-03-15,0.2602740043125317,3.3,3.4,4,0,0.36508,-0.8307793412594553,0.09626517949622661,-0.003789512319327666,0.01729737872088105
call,17.0,2024-03-15,0.2602742897006596,0.21,0.23,1,853,0.375591,0.16922065874054468,0.09626517949622661,-0.003789512319327666,0.01729737872088105
put,18.0,2024-03-15,0.2602739726027397,4.25,4.4,0,0,0.421933,-0.8907129743273018,0.06993934069367207,-0.0028338896188564726,0.013255098608840298
call,18.0,2024-03-15,0.2602740043125317,0.12,0.14,11,424,0.38132,0.10928702567269818,0.06993934069367207,-0.0028338896188564726,0.013255098608840298
put,19.0,2024-03-15,0.2602740043125317,5.25,5.3,1,1,0.481886,-0.9308953704348117,0.04880928386961426,-0.0020211350525587224,0.00942415977660516
call,19.0,2024-03-15,0.2602741311516997,0.07,0.1,100,2371,0.395563,0.0691046295651883,0.04880928386961426,-0.0020211350525587224,0.00942415977660516
put,20.0,2024-03-15,0.2602740043125317,5.9,6.35,0,0,0.537614,-0.9579322489481914,0.032622436388878864,-0.0013679348608043149,0.00571535938262397
call,20.0,2024-03-15,0.26027435312024355,0.05,0.06,131,2398,0.403305,0.042067751051808655,0.032622436388878864,-0.0013679348608043149,0.00571535938262397
put,21.0,2024-03-15,0.2602740043125317,7.25,7.3,0,0,0.589407,-0.9741701396455201,0.021513182393642725,-0.000919702425584339,0.003934965812687324
call,21.0,2024-03-15,0.2602742897006596,0.02,0.06,0,73,0.419193,0.025829860354479917,0.021513182393642725,-0.000919702425584339,0.003934965812687324
put,22.0,2024-03-15,0.2602740677321157,8.15,8.4,0,0,0.637868,-0.9836071651496449,0.014347986909128896,-0.000634616723556057,0.002588591037244476
call,22.0,2024-03-15,0.26027447995941144,0.01,0.04,0,36,0.422885,0.016392834850355087,0.014347986909128896,-0.000634616723556057,0.002588591037244476
put,23.0,2024-03-15,0.2602739726027397,9.25,9.4,0,0,0.683983,-0.9936159338989663,0.006616603399764042,-0.0002630538014694042,0.0012960715794764809
call,23.0,2024-03-15,0.2602741945712836,0.01,0.19,0,23,0.674927,0.006384066101033691,0.006616603399764042,-0.0002630538014694042,0.0012960715794764809
call,24.0,2024-03-15,0.26027435312024355,0.0,0.18,0,9,0.706002,0.0034271243623299405,0.0037810762929614754,-0.00015075535294475692,0.000776046566032368
put,24.0,2024-03-15,0.2602740043125317,10.25,10.45,0,0,0.727033,-0.99657287563767,0.0037810762929614754,-0.00015075535294475692,0.000776046566032368
put,25.0,2024-03-15,0.2602739726027397,11.25,11.3,0,0,0.767949,-0.9982077412755169,0.0020971729771653274,-8.364555240674787e-5,0.0004486351334487351
call,25.0,2024-03-15,0.26027435312024355,0.0,0.18,0,9,0.744211,0.0017922587244831286,0.0020971729771653274,-8.364555240674787e-5,0.0004486351334487351
